-- phpMyAdmin SQL Dump
-- version 5.0.3
-- https://www.phpmyadmin.net/
--
-- Host: 127.0.0.1
-- Generation Time: Jun 03, 2021 at 06:24 PM
-- Server version: 10.4.14-MariaDB
-- PHP Version: 7.2.34

SET SQL_MODE = "NO_AUTO_VALUE_ON_ZERO";
START TRANSACTION;
SET time_zone = "+00:00";


/*!40101 SET @OLD_CHARACTER_SET_CLIENT=@@CHARACTER_SET_CLIENT */;
/*!40101 SET @OLD_CHARACTER_SET_RESULTS=@@CHARACTER_SET_RESULTS */;
/*!40101 SET @OLD_COLLATION_CONNECTION=@@COLLATION_CONNECTION */;
/*!40101 SET NAMES utf8mb4 */;

--
-- Database: `fun`
--

-- --------------------------------------------------------

--
-- Table structure for table `admin`
--

CREATE TABLE `admin` (
  `id` int(11) NOT NULL,
  `aname` varchar(50) NOT NULL,
  `apass` varchar(255) NOT NULL,
  `created_at` datetime DEFAULT current_timestamp()
) ENGINE=InnoDB DEFAULT CHARSET=utf8mb4;

--
-- Dumping data for table `admin`
--

INSERT INTO `admin` (`id`, `aname`, `apass`, `created_at`) VALUES
(2, 'admin', '$2y$10$2mQAHDWr3cO.67ldsmIKy.m/mXq3vQmMHir5dyKNckH0E2RDnf50W', '2021-04-09 19:05:55');

-- --------------------------------------------------------

--
-- Table structure for table `event`
--

CREATE TABLE `event` (
  `e_id` int(11) NOT NULL,
  `sport` varchar(100) NOT NULL
) ENGINE=InnoDB DEFAULT CHARSET=utf8mb4;

--
-- Dumping data for table `event`
--

INSERT INTO `event` (`e_id`, `sport`) VALUES
(1, 'Opening Ceremony'),
(2, 'Closing Ceremony'),
(3, '3x3 Basketball'),
(4, 'Archery '),
(5, 'Artistic Gymnastics'),
(6, 'Artistic Swimming'),
(7, 'Athletics'),
(8, 'Badminton'),
(9, 'Baseball/Softball'),
(10, 'Basketball'),
(11, 'Beach Volleyball'),
(12, 'Boxing'),
(13, 'Canoe Slalom'),
(14, 'Canoe Sprint'),
(15, 'Cycling BMX Freestyle'),
(16, 'Cycling BMX Racing'),
(17, 'Cycling Mountain Bike'),
(18, 'Cycling Road'),
(19, 'Cycling Track'),
(20, 'Diving'),
(21, 'Equestrian'),
(22, 'Fencing'),
(23, 'Football'),
(24, 'Golf'),
(25, 'Handball'),
(26, 'Hockey'),
(27, 'Judo'),
(28, 'Karate'),
(29, 'Marathon Swimming	'),
(30, 'Modern Pentathlon	'),
(31, 'Rhythmic Gymnastics	'),
(32, 'Rowing'),
(33, 'Rugby'),
(34, 'Sailing'),
(35, 'Shooting'),
(36, 'Skateboarding'),
(37, 'Sport Climbing'),
(38, 'Surfing'),
(39, 'Swimming'),
(40, 'Table Tennis	'),
(41, 'Taekwondo'),
(42, 'Tennis'),
(43, 'Trampoline Gymnastics	'),
(44, 'Triathlon'),
(45, 'Volleyball'),
(46, 'Water Polo'),
(47, 'Weightlifting	'),
(48, 'Wrestling');

-- --------------------------------------------------------

--
-- Table structure for table `information`
--

CREATE TABLE `information` (
  `info_id` int(100) NOT NULL,
  `e_id` int(100) NOT NULL,
  `details` varchar(1000) NOT NULL,
  `details_1` varchar(1000) NOT NULL,
  `details_2` varchar(1000) NOT NULL,
  `details_3` varchar(1000) NOT NULL,
  `venue` text NOT NULL,
  `date_time1` varchar(100) NOT NULL,
  `date_time2` varchar(100) NOT NULL,
  `date_time3` varchar(100) NOT NULL,
  `date_time4` varchar(100) NOT NULL
) ENGINE=InnoDB DEFAULT CHARSET=utf8mb4;

--
-- Dumping data for table `information`
--

INSERT INTO `information` (`info_id`, `e_id`, `details`, `details_1`, `details_2`, `details_3`, `venue`, `date_time1`, `date_time2`, `date_time3`, `date_time4`) VALUES
(1, 1, '\r\n', '', '', '', 'Olympic Stadium', 'Fri 23 July 20:00 - 23:00', '', '', ''),
(2, 2, '', '', '', '', 'Olympic Stadium', 'Sun 8 Aug. 20:00 - 23:00', '', '', ''),
(3, 3, 'Women\'s Pool Round (2 games) Men\'s Pool Round (2 games)', 'Women\'s Pool Round (2 games) Men\'s Pool Round (2 games)', 'Women\'s Pool Round (2 games) Men\'s Pool Round (2 games)', 'Women\'s Pool Round (2 games) Men\'s Pool Round (2 games)', 'Aomi Urban Sports Park', 'Sat 24 July 10:15 - 12:25', 'Sat 24 July 14:00 - 15:50', 'Sat 24 July 17:30 - 19:30', 'Sun 25 July 10:15 - 12:25'),
(4, 3, 'Women\'s Pool Round (2 games) Men\'s Pool Round (2 games)', 'Women\'s Pool Round (2 games) Men\'s Pool Round (2 games)', 'Women\'s Pool Round (2 games) Men\'s Pool Round (2 games)', 'Women\'s Pool Round (2 games) Men\'s Pool Round (2 games)', 'Aomi Urban Sports Park', 'Sun 25 July 10:15 - 12:25', 'Sun 25 July 14:00 - 15:50', 'Sun 25 July 17:30 - 19:30', 'Sun 25 July 21:00 - 22:50'),
(6, 3, 'Women\'s Pool Round (2 games) Men\'s Pool Round (2 games)', 'Women\'s Pool Round (2 games) Men\'s Pool Round (2 games)', 'Women\'s Pool Round (2 games) Men\'s Pool Round (2 games)', 'Women\'s Pool Round (2 games) Men\'s Pool Round (2 games)', 'Aomi Urban Sports Park', 'Mon 26 July 10:15 - 12:25', 'Mon 26 July 14:00 - 15:50', ' Mon 26 July 17:30 - 19:30', 'Mon 26 July 21:00 - 22:50'),
(7, 3, 'Women\'s Semifinals (2 games) Men\'s Semifinals (2 games)', 'Women\'s Bronze Medal Game \r\n ~ Men\'s Bronze Medal Game', 'Women\'s Gold Medal  ~ Game Men\'s Gold Medal Game', 'Women\'s Victory Ceremony ~ Men\'s Victory Ceremony', 'Aomi Urban Sports Park', 'Wed 28 July 17:00 - 19:10', 'Wed 28 July 20:45 - 23:25', 'Wed 28 July 20:45 - 23:25', 'Wed 28 July 20:45 - 23:25'),
(8, 4, 'Women\'s Individual Ranking Round', 'Men\'s Individual Ranking Round', '', '', 'Yumenoshima Park Archery Field', 'Fri 23 July 9:00 - 11:00', 'Fri 23 July 13:00 - 15:00', '', ''),
(9, 4, 'Mixed Team 1/8 Eliminations', 'Mixed Team Quarterfinals ~Mixed Team Semifinals~ Mixed Team Bronze Medal Match~ Mixed Team Gold Medal Match~ Mixed Team Victory Ceremony', '', '', 'Yumenoshima Park Archery Field', 'Sat 24 July 9:30 - 12:05', 'Sat 24 July 14:15 - 17:25', '', ''),
(10, 4, 'Women\'s Team 1/8 Eliminations', 'Women\'s Team Quarterfinals~ Women\'s Team Semifinals~ Women\'s Team Bronze Medal Match~ Women\'s Team Gold Medal Match~ Women\'s Team Victory Ceremony', '', '', 'Yumenoshima Park Archery Field', 'Sun 25 July 9:30 - 11:05', 'Sun 25 July 13:45 - 17:25', '', ''),
(11, 4, 'Men\'s Team 1/8 Eliminations', 'Men\'s Team Quarterfinals~ Men\'s Team Semifinals~ Men\'s Team Bronze Medal Match~ Men\'s Team Gold Medal Match~ Men\'s Team Victory Ceremony', '', '', 'Yumenoshima Park Archery Field', 'Mon 26 July 9:30 - 11:05', 'Mon 26 July 13:45 - 17:25', '', ''),
(12, 4, 'Men\'s Individual 1/32 & 1/16 Eliminations ~ Women\'s Individual 1/32 & 1/16 Eliminations', 'Men\'s Individual 1/32 & 1/16 Eliminations ~ Women\'s Individual 1/32 & 1/16 Eliminations', '', '', 'Yumenoshima Park Archery Field', 'Tue 27 July 9:30 - 13:25', 'Tue 27 July 16:00 - 19:55', '', ''),
(13, 4, 'Men\'s Individual 1/32 & 1/16 Eliminations ~ Women\'s Individual 1/32 & 1/16 Eliminations', 'Men\'s Individual 1/32 & 1/16 Eliminations ~ Women\'s Individual 1/32 & 1/16 Eliminations', '', '', 'Yumenoshima Park Archery Field', 'Wed 28 July 9:30 - 13:25', ' Wed 28 July 16:00 - 18:40', '', ''),
(14, 4, 'Men\'s Individual 1/32 & 1/16 Eliminations ~ Women\'s Individual 1/32 & 1/16 Eliminations', 'Men\'s Individual 1/32 & 1/16 Eliminations ~ Women\'s Individual 1/32 & 1/16 Eliminations', '', '', 'Yumenoshima Park Archery Field', 'Thu 29 July 9:30 - 13:25', 'Thu 29 July 16:00 - 18:40', '', ''),
(15, 4, 'Women\'s Individual 1/8 Eliminations', 'Women\'s Individual Quarterfinals ~ Women\'s Individual Semifinals ~ Women\'s Individual Bronze Medal Match ~ Women\'s Individual Gold Medal Match ~ Women\'s Individual Victory Ceremony', '', '', 'Yumenoshima Park Archery Field', 'Fri 30 July 9:30 - 11:15', 'Fri 30 July 14:45 - 17:20', '', ''),
(16, 4, 'Men\'s Individual 1/8 Eliminations', 'Men\'s Individual Quarterfinals ~ Men\'s Individual Semifinal ~ Men\'s Individual Bronze Medal Match ~ Men\'s Individual Gold Medal Match ~ Men\'s Individual Victory Ceremony', '', '', 'Yumenoshima Park Archery Field', 'Sat 31 July 9:30 - 11:15', 'Sat 31 July 14:45 - 17:20', '', ''),
(17, 5, 'Men\'s Qualification', 'Men\'s Qualification', 'Men\'s Qualification', '', 'Ariake Gymnastics Centre', 'Sat 24 July 10:00 - 12:30', ' Sat 24 July 14:30 - 17:00', 'Sat 24 July 19:30 - 22:00', ''),
(18, 5, 'Women\'s Qualification', 'Women\'s Qualification', 'Women\'s Qualification', '', 'Ariake Gymnastics Centre', 'Sun 25 July 10:00 - 13:35', 'Sun 25 July 15:10 - 18:45', 'Sun 25 July 20:20 - 22:00', ''),
(19, 5, 'Men\'s Team Final Men\'s ~ Team Victory Ceremony', '', '', '', 'Ariake Gymnastics Centre', ' Mon 26 July 19:00 - 22:00', '', '', ''),
(20, 5, 'Women\'s Team Final ~ Women\'s Team Victory Ceremony', '', '', '', 'Ariake Gymnastics Centre', 'Tue 27 July 19:45 - 22:00', '', '', ''),
(21, 5, 'Men\'s All-Around Final ~ Men\'s All-Around Victory Ceremony', '', '', '', 'Ariake Gymnastics Centre', 'Wed 28 July 19:15 - 22:00', '', '', ''),
(22, 5, 'Women\'s All-Around Final ~ Women\'s All-Around Victory Ceremony', '', '', '', 'Ariake Gymnastics Centre', 'Thu 29 July 19:50 - 22:00', '', '', ''),
(23, 5, 'Men\'s Floor Exercise ~ Final Men\'s Floor Exercise Victory Ceremony ~ Women\'s Vault Final ~ Women\'s Vault Victory Ceremony ~ Men\'s Pommel Horse Final ~ Men\'s Pommel Horse Victory Ceremony ~ Women\'s Uneven Bars Final ~ Women\'s Uneven Bars Victory Ceremony', '', '', '', 'Ariake Gymnastics Centre', ' Sun 1 Aug. 17:00 - 20:00', '', '', ''),
(24, 5, 'Men\'s Rings Final ~ Men\'s Rings Victory Ceremony ~ Women\'s Floor Exercise Final ~ Women\'s Floor Exercise Victory Ceremony ~ Men\'s Vault Final ~ Men\'s Vault Victory Ceremony', '', '', '', 'Ariake Gymnastics Centre', 'Mon 2 Aug. 17:00 - 19:15', '', '', ''),
(25, 5, 'Men\'s Parallel Bars Final ~ Men\'s Parallel Bars Victory Ceremony ~ Women\'s Balance Beam Final ~ Women\'s Balance Beam Victory Ceremony ~ Men\'s Horizontal Bar Final ~ Men\'s Horizontal Bar Victory Ceremony', '', '', '', 'Ariake Gymnastics Centre', 'Tue 3 Aug. 17:00 - 19:15', '', '', ''),
(26, 6, 'Duet Free Routine Preliminary', '', '', '', 'Tokyo Aquatics Centre', 'Mon 2 Aug. 19:30 - 21:30', '', '', ''),
(27, 6, 'Duet Technical Routine', '', '', '', 'Tokyo Aquatics Centre', 'Tue 3 Aug. 19:30 - 21:00', '', '', ''),
(28, 6, 'Duet Free Routine Final ~ Duet Victory Ceremony', '', '', '', 'Tokyo Aquatics Centre', 'Wed 4 Aug. 19:30 - 21:00', '', '', ''),
(29, 6, 'Team Technical Routine', '', '', '', 'Tokyo Aquatics Centre', 'Fri 6 Aug. 19:30 - 21:00', '', '', ''),
(30, 6, 'Team Free Routine ~ Team Victory Ceremony', '', '', '', 'Tokyo Aquatics Centre', 'Sat 7 Aug. 19:30 - 21:10', '', '', ''),
(31, 7, 'Men\'s 3000m Steeplechase Round ~ 1 Men\'s High Jump Qualifying Round ~ Men\'s Discus Throw Qualifying Round ~ Women\'s 800m Round 1 ~ Men\'s 400m Hurdles Round 1 ~ Women\'s 100m Round 1', 'Women\'s 5000m Round 1 ~ Women\'s Triple Jump Qualifying Round ~ Women\'s Shot Put Qualifying Round ~ Mixed 4 x 400m Relay Round 1 ~ Men\'s 10,000m Final', '', '', 'Olympic Stadium', 'Fri 30 July 9:00 - 12:30', 'Fri 30 July 19:00 - 21:00', '', ''),
(32, 7, 'Women\'s 400m Hurdles Round 1 ~ Women\'s Discus Throw Qualifying Round ~ Men\'s Pole Vault Qualifying Round ~ Men\'s 800m Round 1 ~ Women\'s 100m Hurdles Qualifying Round ~ Men\'s 100m Preliminary Round', 'Men\'s 10,000m Victory Ceremony ~ Men\'s Long Jump Qualifying Round ~ Women\'s 100m Semifinals ~ Men\'s 100m Round 1 ~ Men\'s Discus Throw Final  ~Women\'s 800m Semifinals ~ Mixed 4 x 400m Relay Final  ~Women\'s 100m Final', '', '', 'Olympic Stadium', 'Sat 31 July 9:00 - 12:00', 'Sat 31 July 19:00 - 21:55', '', ''),
(33, 7, 'Women\'s Hammer Throw Qualifying Round ~ Women\'s 3000m Steeplechase Round 1 ~ Women\'s Long Jump Qualifying Round ~ Men\'s Discus Throw Victory Ceremony ~ Women\'s Shot Put Final ~ Men\'s 400m Round 1 ~ Mixed 4 x 400m Relay Victory Ceremony', 'Women\'s 100m Victory Ceremony ~ Men\'s High Jump Final ~ Men\'s 100m Semifinals ~ Women\'s 100m Hurdles Semifinals ~ Women\'s Shot Put Victory Ceremony ~ Women\'s Triple Jump Final ~ Men\'s 800m Semifinals ~ Men\'s 400m Hurdles Semifinals ~ Men\'s High Jump Victory Ceremony ~ Men\'s 100m Final', '', '', 'Olympic Stadium', 'Sun 1 Aug. 9:10 - 12:00', 'Sun 1 Aug. 19:00 - 21:55', '', ''),
(34, 7, 'Men\'s Hammer Throw Qualifying Round ~ Women\'s 1500m Round 1 ~ Women\'s Triple Jump Victory Ceremony ~ Men\'s Long Jump Final ~ Women\'s 200m Round 1 ~ Women\'s 100m Hurdles Final', 'Men\'s 100m Victory Ceremony ~ Men\'s Long Jump Victory Ceremony ~ Women\'s Pole Vault Qualifying Round ~ Women\'s 200m Semifinals ~ Women\'s 100m Hurdles Victory Ceremony ~ Women\'s Discus Throw Final ~ Men\'s 400m Semifinals ~ Women\'s 400m Hurdles Semifinals ~ Men\'s 3000m Steeplechase Final  ~Women\'s 5000m Final', '', '', 'Olympic Stadium', 'Mon 2 Aug. 9:00 - 11:55', 'Mon 2 Aug. 19:00 - 22:00', '', ''),
(35, 7, 'Men\'s Triple Jump Qualifying Round ~ Men\'s 1500m Round 1 ~ Women\'s Javelin Throw Qualifying Round ~ Women\'s 400m Round 1 ~ Women\'s Discus Throw Victory Ceremony ~ Men\'s 3000m Steeplechase Victory Ceremony ~ Women\'s Long Jump Final ~ Men\'s 200m Round 1 ~ Men\'s 400m Hurdles Final ~ Women\'s 5000m Victory Ceremony', 'Women\'s Long Jump Victory Ceremony ~ Men\'s 110m Hurdles Round 1 ~ Men\'s Shot Put Qualifying Round ~ Men\'s Pole Vault Final ~ Men\'s 400m Hurdles Victory Ceremony ~ Men\'s 5000m Round 1 ~ Women\'s Hammer Throw Final ~ Men\'s 200m Semifinals ~ Women\'s 800m Final ~ Women\'s 200m Final', '', '', 'Olympic Stadium', 'Tue 3 Aug. 9:00 - 12:35', 'Tue 3 Aug. 19:00 - 21:55', '', ''),
(36, 7, 'Men\'s Decathlon 100m ~ Men\'s Javelin Throw Qualifying Round ~ Women\'s Heptathlon 100m Hurdles ~ Men\'s Decathlon Long Jump ~ Men\'s Pole Vault Victory Ceremony ~ Women\'s Heptathlon High Jump ~ Women\'s Hammer Throw Victory Ceremony ~ Women\'s 800m Victory Ceremony ~ Men\'s 110m Hurdles Semifinals ~ Women\'s 400m Hurdles Final ~ Men\'s Decathlon Shot Put ~ Women\'s 400m Hurdles Victory Ceremony', 'Men\'s Decathlon High Jump ~ Women\'s 1500m Semifinals ~ Women\'s Heptathlon Shot Put ~ Women\'s 400m Semifinals ~ Women\'s 200m Victory Ceremony ~ Women\'s 3000m Steeplechase Final ~ Men\'s Hammer Throw Final ~ Women\'s Heptathlon 200m ~ Women\'s 3000m Steeplechase Victory Ceremony ~ Men\'s 800m Final ~ Men\'s Decathlon 400m ~ Men\'s 200m Final', '', '', 'Olympic Stadium', 'Wed 4 Aug. 9:00 - 12:25', 'Wed 4 Aug. 18:30 - 22:00', '', ''),
(37, 7, 'Men\'s Decathlon 110m Hurdles ~ Women\'s High Jump Qualifying Round ~ Men\'s Hammer Throw Victory Ceremony ~ Women\'s Heptathlon Long Jump ~ Men\'s Decathlon Discus Throw ~ Women\'s 4 x 100m Relay Round 1 ~ Men\'s 800m Victory Ceremony ~ Men\'s 200m Victory Ceremony ~ Men\'s Triple Jump Final ~ Men\'s Shot Put Final ~ Men\'s 4 x 100m Relay Round 1 ~ Men\'s 110m Hurdles Final ~ Men\'s Decathlon Pole Vault ~ Women\'s Heptathlon Javelin Throw', 'Men\'s 20km Race Walk Final ~ Men\'s 20km Race Walk Venue Ceremony', 'Men\'s Shot Put Victory Ceremony ~ Men\'s Triple Jump Victory Ceremony ~ Men\'s Decathlon Javelin Throw ~ Women\'s Pole Vault Final ~ Women\'s 4 x 400m Relay Round 1 ~ Men\'s 1500m Semifinals ~ Men\'s 110m Hurdles Victory Ceremony ~ Men\'s 400m Final ~ Women\'s Heptathlon 800m ~ Men\'s Decathlon 1500m', '', 'Olympic Stadium ~ Sapporo Odori Park(walk events)', 'Thu 5 Aug. 9:00 - 15:05', 'Time: Thu 5 Aug. 16:30 - 18:05', 'Thu 5 Aug. 19:00 - 21:45', ''),
(38, 7, 'Men\'s 50km Race Walk Final ~ Men\'s 50km Race Walk Venue Ceremony', 'Women\'s 20km Race Walk Final ~ Women\'s 20km Race Walk Venue Ceremony', 'Men\'s 20km Race Walk Victory Ceremony ~ Women\'s Pole Vault Victory Ceremony ~ Women\'s Heptathlon Victory Ceremony ~ Men\'s Decathlon Victory Ceremony ~ Men\'s 4 x 400m Relay Round 1 ~ Women\'s Javelin Throw Final ~ Men\'s 5000m Final ~ Men\'s 400m Victory Ceremony ~ Women\'s 400m Final ~ Women\'s 1500m Final ~ Men\'s 5000m Victory Ceremony ~ Women\'s 400m Victory Ceremony ~ Women\'s 4 x 100m Relay ~ Final Women\'s 1500m Victory Ceremony ~ Men\'s 4 x 100m Relay Final', '', 'Olympic Stadium ~ Sapporo Odori Park(walk events))', 'Fri 6 Aug. 5:30 - 10:00', 'Fri 6 Aug. 16:30 - 18:15', 'Fri 6 Aug. 19:50 - 22:55', ''),
(39, 7, 'Women\'s Marathon Final ~ Women\'s Marathon Venue Ceremony', 'Men\'s 50km Race Walk Victory Ceremony ~ Women\'s 20km Race Walk Victory Ceremony ~ Women\'s 4 x 100m Relay Victory Ceremony ~ Men\'s 4 x 100m Relay Victory Ceremony ~ Women\'s High Jump Final ~ Women\'s 10,000m Final ~ Men\'s Javelin Throw Final ~ Women\'s Javelin Throw Victory Ceremony ~ Men\'s 1500m Final ~ Women\'s 10,000m Victory Ceremony ~ Men\'s 1500m Victory Ceremony ~ Women\'s 4 x 400m Relay Final ~ Men\'s Javelin Throw Victory Ceremony ~ Men\'s 4 x 400m Relay Final ~ Women\'s High Jump Victory Ceremony ~ Women\'s 4 x 400m Relay Victory Ceremony ~ Men\'s 4 x 400m Relay Victory Ceremony', '', '', 'Olympic Stadium ~ Sapporo Odori Park(marathon events)', 'Sat 7 Aug. 7:00 - 10:15', ' Sat 7 Aug. 19:00 - 22:20', '', ''),
(40, 7, 'Men\'s Marathon Final ~ Men\'s Marathon Venue Ceremony', '', '', '', 'Olympic Stadium', 'Sun 8 Aug. 7:00 - 9:45', '', '', ''),
(41, 8, 'Men\'s Singles Group Play Stage ~ Women\'s Singles Group Play Stage ~ Men\'s Doubles Group Play Stage ~ Women\'s Doubles Group Play Stage ~ Mixed Doubles Group Play Stage', 'Men\'s Singles Group Play Stage ~ Women\'s Singles Group Play Stage ~ Men\'s Doubles Group Play Stage ~ Women\'s Doubles Group Play Stage ~ Mixed Doubles Group Play Stage', '', '', 'Musashino Forest Sport Plaza', ' Sat 24 July 9:00 - 14:30', ' Sat 24 July 18:00 - 22:00', '', ''),
(42, 8, 'Men\'s Singles Group Play ~ Stage Women\'s Singles Group Play Stage ~ Men\'s Doubles Group Play Stage ~ Women\'s Doubles Group Play Stage ~ Mixed Doubles Group Play Stage', 'Men\'s Singles Group Play Stage ~ Women\'s Singles Group Play Stage ~ Men\'s Doubles Group Play Stage ~ Women\'s Doubles Group Play Stage ~ Mixed Doubles Group Play Stage', '', '', 'Musashino Forest Sport Plaza', 'Sun 25 July 10:00 - 15:30', 'Sun 25 July 18:00 - 21:30', '', ''),
(43, 8, 'Men\'s Singles Group Play Stage ~ Women\'s Singles Group Play Stage ~ Men\'s Doubles Group Play Stage ~ Women\'s Doubles Group Play Stage ~ Mixed Doubles Group Play Stage', 'Men\'s Singles Group Play Stage ~ Women\'s Singles Group Play Stage ~ Men\'s Doubles Group Play Stage ~ Women\'s Doubles Group Play Stage ~ Mixed Doubles Group Play Stage', '', '', 'Musashino Forest Sport Plaza', ' Mon 26 July 10:00 - 15:30', 'Mon 26 July 18:00 - 21:30', '', ''),
(44, 8, 'Men\'s Singles Group Play Stage ~ Women\'s Singles Group Play Stage ~ Men\'s Doubles Group Play Stage ~ Women\'s Doubles Group Play Stage', 'Men\'s Singles Group Play Stage ~ Women\'s Singles Group Play Stage ~ Men\'s Doubles Group Play Stage ~ Women\'s Doubles Group Play Stage', '', '', 'Musashino Forest Sport Plaza', ' Tue 27 July 10:00 - 15:30', 'Tue 27 July 18:00 - 21:30', '', ''),
(45, 8, 'Women\'s Singles Group Play Stage ~ Mixed Doubles Quarterfinals', 'Men\'s Singles Group Play Stage', '', '', 'Musashino Forest Sport Plaza', 'Wed 28 July 9:00 - 14:30', 'Wed 28 July 18:00 - 21:30', '', ''),
(46, 8, 'Mixed Doubles Semifinals ~ Men\'s Doubles Quarterfinals ~ Women\'s Singles Round of 16', 'Men\'s Singles Round of 16 ~ Women\'s Doubles Quarterfinals', '', '', 'Musashino Forest Sport Plaza', 'Thu 29 July 9:00 - 15:30', 'Thu 29 July 17:00 - 22:00', '', ''),
(47, 8, 'Women\'s Singles Quarterfinals ~ Mixed Doubles Bronze Medal Match', 'Mixed Doubles Gold Medal Match ~ Mixed Doubles Victory Ceremony ~ Women\'s Singles Quarterfinals ~ Men\'s Doubles Semifinals', '', '', 'Musashino Forest Sport Plaza', 'Fri 30 July 9:00 - 12:30', 'Fri 30 July 15:30 - 21:30', '', ''),
(48, 8, 'Men\'s Singles Quarterfinals ~ Women\'s Doubles Semifinals', 'Women\'s Singles Semifinals ~ Men\'s Doubles Bronze Medal Match ~ Men\'s Doubles Gold Medal Match ~ Men\'s Doubles Victory Ceremony', '', '', 'Musashino Forest Sport Plaza', 'Sat 31 July 9:00 - 16:00', 'Sat 31 July 18:00 - 23:00', '', ''),
(49, 8, 'Men\'s Singles Semifinals', 'Women\'s Singles Bronze Medal Match ~ Women\'s Singles Gold Medal Match ~ Women\'s Singles Victory Ceremony', '', '', 'Musashino Forest Sport Plaza', 'Sun 1 Aug. 13:00 - 16:00', 'Sun 1 Aug. 20:30 - 23:00', '', ''),
(50, 8, 'Women\'s Doubles Bronze Medal Match ~ Women\'s Doubles Gold Medal Match ~ Women\'s Doubles Victory Ceremony', 'Men\'s Singles Bronze Medal Match ~ Men\'s Singles Gold Medal Match ~ Men\'s Singles Victory Ceremony', '', '', 'Musashino Forest Sport Plaza', 'Musashino Forest Sport Plaza', ' Mon 2 Aug. 20:00 - 23:00', '', ''),
(51, 9, 'Softball Opening Round, Australia vs Japan ~ Softball Opening Round, Italy vs United States ~ Softball Opening Round, Mexico vs Canada', '', '', '', 'Fukushima Azuma Baseball Stadium', 'Wed 21 July 9:00 - 17:00', '', '', ''),
(52, 9, 'Softball Opening Round, United States vs Canada ~ Softball Opening Round, Mexico vs Japan ~ Softball Opening Round, Italy vs Australia', '', '', '', 'Fukushima Azuma Baseball Stadium', 'Thu 22 July 9:00 - 17:00', '', '', ''),
(53, 9, 'Softball Opening Round, Australia vs Canada ~ Softball Opening Round, United States vs Mexico', 'Softball Opening Round, Japan vs Italy', '', '', ' Yokohama Baseball Stadium', 'Sat 24 July 10:00 - 16:30', 'Sat 24 July 20:00 - 22:00', '', ''),
(54, 9, 'Softball Opening Round, Australia vs United States ~ Softball Opening Round, Canada vs Japan', 'Softball Opening Round, Italy vs Mexico', '', '', 'Yokohama Baseball Stadium', 'Sun 25 July 10:00 - 16:30', 'Sun 25 July 20:00 - 22:00', '', ''),
(55, 9, 'Softball Opening Round, Japan vs United States ~ Softball Opening Round, Canada vs Italy', 'Softball Opening Round, Mexico vs Australia', '', '', 'Yokohama Baseball Stadium', 'Mon 26 July 10:00 - 16:30', ' Mon 26 July 20:00 - 22:00', '', ''),
(56, 9, 'Softball Bronze Medal Game', 'Softball Gold Medal Game ~ Softball Victory Ceremony', '', '', 'Yokohama Baseball Stadium', 'Tue 27 July 13:00 - 15:00', 'Tue 27 July 20:00 - 22:30', '', ''),
(57, 9, 'Baseball Opening Round', '', '', '', 'Fukushima Azuma Baseball Stadium', 'Wed 28 July 12:00 - 15:00', '', '', ''),
(58, 9, 'Baseball Opening Round', '', '', '', 'Fukushima Azuma Baseball Stadium', 'Wed 28 July 12:00 - 15:00', '', '', ''),
(59, 9, 'Baseball Opening Round', '', '', '', 'Yokohama Baseball Stadium', 'Thu 29 July 19:00 - 22:00', '', '', ''),
(60, 9, 'Baseball Opening Round', 'Baseball Opening Round', '', '', 'Yokohama Baseball Stadium', ' Fri 30 July 12:00 - 15:00', 'Fri 30 July 19:00 - 22:00', '', ''),
(61, 9, 'Baseball Opening Round', 'Baseball Opening Round', '', '', 'Yokohama Baseball Stadium', 'Sat 31 July 12:00 - 15:00', 'Sat 31 July 19:00 - 22:00', '', ''),
(62, 9, 'Baseball Knockout stage (#1)', 'Baseball Knockout stage (#2)', '', '', 'Yokohama Baseball Stadium', 'Sun 1 Aug. 12:00 - 15:00', ' Sun 1 Aug. 19:00 - 22:00', '', ''),
(63, 9, 'Baseball Knockout stage (#3)', 'Baseball Knockout stage (#4)', '', '', 'Yokohama Baseball Stadium', 'Mon 2 Aug. 12:00 - 15:00', 'Mon 2 Aug. 19:00 - 22:00', '', ''),
(64, 0, 'Baseball Knockout stage (#5)', '', '', '', 'Yokohama Baseball Stadium', 'Tue 3 Aug. 19:00 - 22:00', '', '', ''),
(65, 9, 'Baseball Knockout stage (#6)', 'Baseball Semifinal (#7)', '', '', 'Yokohama Baseball Stadium', ' Wed 4 Aug. 12:00 - 15:00', 'Wed 4 Aug. 19:00 - 22:00', '', ''),
(66, 9, 'Baseball Semifinal (#8)', '', '', '', 'Yokohama Baseball Stadium', 'Thu 5 Aug. 19:00 - 22:00', '', '', ''),
(67, 9, 'Baseball Bronze Medal Game (#9)', 'Baseball Gold Medal Game (#10) ~ Baseball Victory Ceremony', '', '', 'Yokohama Baseball Stadium', 'Sat 7 Aug. 12:00 - 15:00', 'Sat 7 Aug. 19:00 - 22:30', '', ''),
(68, 10, 'Men\'s Preliminary Round Group A, Islamic Rep. of Iran vs Winner of Olympic Qualifying Tournament in Victoria(Canada)', 'Men\'s Preliminary Round Group B, Winner of Olympic Qualifying Tournament in Split(Croatia) vs Winner of Olympic Qualifying Tournament in Belgrade(Serbia)', 'Men\'s Preliminary Round Group B, Australia vs Nigeria', 'Men\'s Preliminary Round Group A, France vs United States', 'Saitama Super Arena', 'Sun 25 July 10:00 - 12:00', 'Sun 25 July 13:40 - 15:40', 'Sun 25 July 17:20 - 19:20', 'Sun 25 July 21:00 - 23:00'),
(69, 10, 'Women\'s Preliminary Round Group A, Republic of Korea vs Spain', 'Men\'s Preliminary Round Group C, Argentina vs Winner of Olympic Qualifying Tournament in Kaunas(Lithuania)', 'Women\'s Preliminary Round Group A, Serbia vs Canada', 'Men\'s Preliminary Round Group C, Japan vs Spain', 'Saitama Super Arena', 'Mon 26 July 10:00 - 12:00', 'Mon 26 July 13:40 - 15:40', 'Mon 26 July 17:20 - 19:20', 'Mon 26 July 21:00 - 23:00'),
(70, 10, 'Women\'s Preliminary Round Group B, Japan vs France', 'Women\'s Preliminary Round Group B, Nigeria vs United States', 'Women\'s Preliminary Round Group C, Australia vs Belgium', 'Women\'s Preliminary Round Group C, Puerto Rico vs China', ' Saitama Super Arena', 'Tue 27 July 10:00 - 12:00', 'Tue 27 July 13:40 - 15:40', 'Tue 27 July 17:20 - 19:20', ' Tue 27 July 21:00 - 23:00'),
(71, 10, 'Men\'s Preliminary Round Group B, Nigeria vs Winner of Olympic Qualifying Tournament in Split(Croatia)', 'Men\'s Preliminary Round Group A, United States vs Islamic Rep. of Iran', 'Men\'s Preliminary Round Group B, Winner of Olympic Qualifying Tournament in Belgrade(Serbia) vs Australia', 'Men\'s Preliminary Round Group A, Winner of Olympic Qualifying Tournament in Victoria(Canada) vs France', 'Saitama Super Arena', 'Wed 28 July 10:00 - 12:00', 'Wed 28 July 13:40 - 15:40', 'Wed 28 July 17:20 - 19:20', ' Wed 28 July 21:00 - 23:00'),
(72, 10, 'Women\'s Preliminary Round Group A, Canada vs Republic of Korea', 'Men\'s Preliminary Round Group C, Winner of Olympic Qualifying Tournament in Kaunas(Lithuania) vs Japan', 'Women\'s Preliminary Round Group A, Spain vs Serbia', 'Men\'s Preliminary Round Group C, Spain vs Argentina', 'Saitama Super Arena', 'Thu 29 July 10:00 - 12:00', ' Thu 29 July 13:40 - 15:40', 'Thu 29 July 17:20 - 19:20', 'Thu 29 July 21:00 - 23:00'),
(73, 10, 'Women\'s Preliminary Round Group C, Belgium vs Puerto Rico', 'Women\'s Preliminary Round Group B, United States vs Japan', 'Women\'s Preliminary Round Group B, France vs Nigeria', 'Women\'s Preliminary Round Group C, China vs Australia', 'Saitama Super Arena', 'Fri 30 July 10:00 - 12:00', 'Fri 30 July 13:40 - 15:40', ' Fri 30 July 17:20 - 19:20', 'Fri 30 July 21:00 - 23:00'),
(74, 10, 'Men\'s Preliminary Round Group A, Islamic Rep. of Iran vs France', 'Men\'s Preliminary Round Group B, Winner of Olympic Qualifying Tournament in Belgrade(Serbia) vs Nigeria', 'Men\'s Preliminary Round Group B, Australia vs Winner of Olympic Qualifying Tournament in Split(Croatia)', 'Men\'s Preliminary Round Group A, United States vs Winner of Olympic Qualifying Tournament in Victoria(Canada)', 'Saitama Super Arena', 'Sat 31 July 10:00 - 12:00', ' Sat 31 July 13:40 - 15:40', 'Sat 31 July 17:20 - 19:20', 'Sat 31 July 21:00 - 23:00'),
(75, 10, 'Women\'s Preliminary Round Group A, Canada vs Spain', 'Men\'s Preliminary Round Group C, Argentina vs Japan', 'Men\'s Preliminary Round Group C, Spain vs Winner of Olympic Qualifying Tournament in Kaunas(Lithuania)', 'Women\'s Preliminary Round Group A, Republic of Korea vs Serbia', 'Saitama Super Arena', 'Sun 1 Aug. 10:00 - 12:00', ' Sun 1 Aug. 13:40 - 15:40', 'Sun 1 Aug. 17:20 - 19:20', 'Sun 1 Aug. 21:00 - 23:00'),
(76, 10, 'Women\'s Preliminary Round Group B, Nigeria vs Japan', 'Women\'s Preliminary Round Group B, France vs United States', 'Women\'s Preliminary Round Group C, China vs Belgium', 'Women\'s Preliminary Round Group C, Australia vs Puerto Rico', 'Saitama Super Arena', 'Mon 2 Aug. 10:00 - 12:00', 'Mon 2 Aug. 13:40 - 15:40', 'Mon 2 Aug. 17:20 - 19:20', 'Mon 2 Aug. 21:00 - 23:00'),
(77, 10, 'Men\'s Quarterfinal', 'Men\'s Quarterfinal', 'Men\'s Quarterfinal', 'Men\'s Quarterfinal', 'Saitama Super Arena', 'Tue 3 Aug. 10:00 - 12:00', 'Tue 3 Aug. 13:40 - 15:40', 'Tue 3 Aug. 17:20 - 19:20', 'Tue 3 Aug. 21:00 - 23:00'),
(78, 10, 'Women\'s Quarterfinal', 'Women\'s Quarterfinal', 'Women\'s Quarterfinal', 'Women\'s Quarterfinal', 'Saitama Super Arena', 'Wed 4 Aug. 10:00 - 12:00', 'Wed 4 Aug. 13:40 - 15:40', 'Wed 4 Aug. 17:20 - 19:20', 'Wed 4 Aug. 21:00 - 23:00'),
(79, 10, 'Men\'s Semifinal', 'Men\'s Semifinal', '', '', 'Saitama Super Arena', 'Thu 5 Aug. 13:15 - 15:15', 'Thu 5 Aug. 20:00 - 22:00', '', ''),
(80, 10, 'Women\'s Semifinal', 'Women\'s Semifinal', '', '', 'Saitama Super Arena', 'Fri 6 Aug. 13:40 - 15:40', ' Fri 6 Aug. 20:00 - 22:00', '', ''),
(81, 10, 'Men\'s Gold Medal Game', 'Women\'s Bronze Medal Game', 'Men\'s Bronze Medal Game ~ Men\'s Victory Ceremony', '', 'Saitama Super Arena', 'Sat 7 Aug. 11:30 - 13:30', 'Sat 7 Aug. 16:00 - 18:00', 'Sat 7 Aug. 20:00 - 22:30', ''),
(82, 10, 'Women\'s Gold Medal Game ~ Women\'s Victory Ceremony', '', '', '', 'Saitama Super Arena', 'Sun 8 Aug. 11:30 - 14:00', '', '', ''),
(83, 11, 'Men\'s or Women\'s Preliminaries (4 matches)', 'Men\'s or Women\'s Preliminaries (3 matches)', 'Men\'s or Women\'s Preliminaries (3 matches)', '', 'Shiokaze Park', 'Sat 24 July 9:00 - 12:50 ', 'Sat 24 July 15:00 - 17:50', 'Sat 24 July 20:00 - 22:50', ''),
(84, 11, 'Men\'s or Women\'s Preliminaries (4 matches)', 'Men\'s or Women\'s Preliminaries (3 matches)', 'Men\'s or Women\'s Preliminaries (3 matches)', '', 'Shiokaze Park', ' Sun 25 July 9:00 - 12:50', 'Sun 25 July 15:00 - 17:50', 'Sun 25 July 20:00 - 22:50', ''),
(85, 11, 'Men\'s or Women\'s Preliminaries (4 matches)', 'Men\'s or Women\'s Preliminaries (3 matches)', 'Men\'s or Women\'s Preliminaries (3 matches)', '', 'Shiokaze Park', 'Mon 26 July 9:00 - 12:50', 'Mon 26 July 15:00 - 17:50', 'Mon 26 July 20:00 - 22:50', ''),
(86, 11, 'Men\'s or Women\'s Preliminaries (4 matches)', 'Men\'s or Women\'s Preliminaries (3 matches)', 'Men\'s or Women\'s Preliminaries (3 matches)', '', 'Shiokaze Park', 'Tue 27 July 9:00 - 12:50', 'Tue 27 July 15:00 - 17:50', 'Tue 27 July 20:00 - 22:50', ''),
(87, 11, 'Men\'s or Women\'s Preliminaries (3 matches)', 'Men\'s or Women\'s Preliminaries (3 matches)', 'Men\'s or Women\'s Preliminaries (3 matches)', '', 'Shiokaze Park', 'Wed 28 July 9:00 - 11:50', 'Wed 28 July 15:00 - 17:50', ' Wed 28 July 20:00 - 22:50', ''),
(88, 11, 'Men\'s or Women\'s Preliminaries (3 matches)', 'Men\'s or Women\'s Preliminaries (3 matches)', 'Men\'s or Women\'s Preliminaries (3 matches)', '', 'Shiokaze Park', 'Thu 29 July 9:00 - 11:50', 'Thu 29 July 15:00 - 17:50', 'Thu 29 July 20:00 - 22:50', ''),
(89, 11, 'Men\'s or Women\'s Preliminaries (3 matches)', 'Men\'s or Women\'s Preliminaries (3 matches)', 'Men\'s or Women\'s Preliminaries (3 matches)', '', 'Shiokaze Park', 'Fri 30 July 9:00 - 11:50', 'Fri 30 July 15:00 - 17:50', 'Fri 30 July 20:00 - 22:50', ''),
(90, 11, 'Men\'s or Women\'s Preliminaries (3 matches)', 'Men\'s or Women\'s Preliminaries (2 matches)  ', 'Men\'s or Women\'s Lucky Loser (1 match)', 'Men\'s or Women\'s Lucky Loser (3 matches)', ' Shiokaze Park', 'Sat 31 July 9:00 - 11:50', 'Sat 31 July 15:00 - 17:50', 'Sat 31 July 15:00 - 17:50', 'Sat 31 July 20:00 - 22:50'),
(91, 11, 'Men\'s or Women\'s Round of 16 (2 matches)', 'Men\'s or Women\'s Round of 16 (2 matches)', 'Men\'s or Women\'s Round of 16 (2 matches)', 'Men\'s or Women\'s Round of 16 (2 matches)', 'Shiokaze Park', 'Sun 1 Aug. 9:00 - 10:50', 'Sun 1 Aug. 13:00 - 14:50', 'Sun 1 Aug. 17:00 - 18:50', ' Sun 1 Aug. 21:00 - 22:50'),
(92, 11, 'Men\'s or Women\'s Round of 16 (2 matches)', 'Men\'s or Women\'s Round of 16 (2 matches)', 'Men\'s or Women\'s Round of 16 (2 matches)', 'Men\'s or Women\'s Round of 16 (2 matches)', 'Shiokaze Park', 'Mon 2 Aug. 9:00 - 10:50', 'Mon 2 Aug. 13:00 - 14:50', 'Mon 2 Aug. 17:00 - 18:50', 'Mon 2 Aug. 21:00 - 22:50'),
(93, 11, 'Women\'s Quarterfinals (2 matches)', 'Women\'s Quarterfinals (2 matches)', '', '', 'Shiokaze Park', 'Tue 3 Aug. 9:00 - 10:50', 'Tue 3 Aug. 21:00 - 22:50', '', ''),
(94, 11, 'Men\'s Quarterfinals (2 matches)', 'Men\'s Quarterfinals (2 matches)', '', '', 'Shiokaze Park', 'Wed 4 Aug. 9:00 - 10:50', 'Wed 4 Aug. 21:00 - 22:50', '', ''),
(95, 11, 'Men\'s or Women\'s Semifinals (2 matches)', 'Men\'s or Women\'s Semifinals (2 matches)', '', '', 'Shiokaze Park', 'Thu 5 Aug. 9:00 - 10:50', 'Thu 5 Aug. 21:00 - 22:50', '', ''),
(96, 11, 'Women\'s Bronze Medal Match', 'Women\'s Gold Medal Match', 'Women\'s Victory Ceremony', '', 'Shiokaze Park', 'Fri 6 Aug. 10:00 - 12:50', 'Fri 6 Aug. 10:00 - 12:50', 'Fri 6 Aug. 10:00 - 12:50', ''),
(97, 11, 'Men\'s Bronze Medal Match', 'Men\'s Gold Medal Match', 'Men\'s Victory Ceremony', '', 'Shiokaze Park', 'Sat 7 Aug. 10:00 - 12:50', 'Sat 7 Aug. 10:00 - 12:50', 'Sat 7 Aug. 10:00 - 12:50', ''),
(98, 12, 'Women\'s Feather (54-57kg) Round of 32 ~ Men\'s Welter (63-69kg) Round of 32 ~ Men\'s Light Heavy (75-81kg) Round of 32 ~ Men\'s Heavy (81-91kg) Round of 16', 'Women\'s Feather (54-57kg) Round of 32 ~ Men\'s Welter (63-69kg) Round of 32 ~ Men\'s Light Heavy (75-81kg) Round of 32 ~ Men\'s Heavy (81-91kg) Round of 16', '', '', 'Kokugikan Arena', 'Sat 24 July 11:00 - 14:30', 'Sat 24 July 17:00 - 20:30', '', ''),
(99, 12, 'Women\'s Fly (48-51kg) Round of 32 ~ Women\'s Welter (64-69kg) Round of 32 ~ Men\'s Middle (69-75kg) Round of 32 ~ Men\'s Super Heavy (+91kg) Round of 16', 'Women\'s Fly (48-51kg) Round of 32 ~ Women\'s Welter (64-69kg) Round of 32 ~ Men\'s Middle (69-75kg) Round of 32 ~ Men\'s Super Heavy (+91kg) Round of 16', '', '', 'Kokugikan Arena', 'Sun 25 July 11:00 - 14:45', 'Sun 25 July 17:00 - 20:45', '', ''),
(100, 12, 'Women\'s Feather (54-57kg) Round of 16 ~ Men\'s Feather (52-57kg) Round of 32 ~ Men\'s Welter (63-69kg) Round of 16', 'Women\'s Feather (54-57kg) Round of 16 ~ Men\'s Feather (52-57kg) Round of 32 ~ Men\'s Welter (63-69kg) Round of 16', '', '', 'Kokugikan Arena', 'Mon 26 July 11:00 - 14:45', 'Mon 26 July 17:00 - 20:45', '', ''),
(101, 12, 'Women\'s Welter (64-69kg) Round of 16 ~ Men\'s Light (57-63kg) Round of 32 ~ Men\'s Light Heavy (75-81kg) Round of 16', 'Women\'s Welter (64-69kg) Round of 16 ~ Men\'s Light (57-63kg) Round of 32 ~ Men\'s Light Heavy (75-81kg) Round of 16', '', '', 'Kokugikan Arena', 'Tue 27 July 11:00 - 14:45', 'Tue 27 July 17:00 - 20:45', '', ''),
(102, 12, 'Women\'s Feather (54-57kg) Quarterfinals ~ Women\'s Light (57-60kg) Round of 32 ~ Women\'s Middle (69-75kg) Round of 16 ~ Men\'s Fly (48-52kg) Round of 32', 'Women\'s Feather (54-57kg) Quarterfinals ~ Women\'s Light (57-60kg) Round of 32 ~ Women\'s Middle (69-75kg) Round of 16 ~ Men\'s Fly (48-52kg) Round of 32', '', '', 'Kokugikan Arena', 'Wed 28 July 11:00 - 14:45', 'Wed 28 July 17:00 - 20:45', '', ''),
(103, 12, 'Women\'s Fly (48-51kg) Round of 16 ~ Men\'s Feather (52-57kg) Round of 16 ~ Men\'s Middle (69-75kg) Round of 16', 'Women\'s Fly (48-51kg) Round of 16 ~ Men\'s Feather (52-57kg) Round of 16 ~ Men\'s Middle (69-75kg) Round of 16', '', '', 'Kokugikan Arena', 'Thu 29 July 11:00 - 14:10', 'Thu 29 July 17:00 - 20:10', '', ''),
(104, 12, 'Women\'s Light (57-60kg) Round of 16 ~ Women\'s Welter (64-69kg) Quarterfinals ~ Men\'s Welter (63-69kg) Quarterfinals ~ Men\'s Light Heavy (75-81kg) Quarterfinals ~ Men\'s Heavy (81-91kg) Quarterfinals', 'Women\'s Light (57-60kg) Round of 16 ~ Women\'s Welter (64-69kg) Quarterfinals ~ Men\'s Welter (63-69kg) Quarterfinals ~ Men\'s Light Heavy (75-81kg) Quarterfinals ~ Men\'s Heavy (81-91kg) Quarterfinals', '', '', 'Kokugikan Arena', 'Fri 30 July 11:00 - 14:10', '30 July 17:00 - 20:10', '', ''),
(105, 12, 'Women\'s Feather (54-57kg) Semifinal ~ Women\'s Middle (69-75kg) Quarterfinals ~ Men\'s Fly (48-52kg) Round of 16 ~ Men\'s Light (57-63kg) Round of 16', 'Women\'s Feather (54-57kg) Semifinal ~ Women\'s Middle (69-75kg) Quarterfinals ~ Men\'s Fly (48-52kg) Round of 16 ~ Men\'s Light (57-63kg) Round of 16', '', '', 'Kokugikan Arena', 'Sat 31 July 11:00 - 13:55', 'Sat 31 July 17:00 - 19:55', '', ''),
(106, 12, 'Women\'s Fly (48-51kg) Quarterfinals Men\'s Feather (52-57kg) Quarterfinals ~ Men\'s Welter (63-69kg) Semifinal ~ Men\'s Middle (69-75kg) Quarterfinals ~ Men\'s Light Heavy (75-81kg) Semifinal ~ Men\'s Super Heavy (+91kg) Quarterfinals', 'Women\'s Fly (48-51kg) Quarterfinals ~ Men\'s Feather (52-57kg) Quarterfinals ~ Men\'s Welter (63-69kg) Semifinal ~ Men\'s Middle (69-75kg) Quarterfinals ~ Men\'s Light Heavy (75-81kg) Semifinal ~ Men\'s Super Heavy (+91kg) Quarterfinals', '', '', 'Kokugikan Arena', 'Sun 1 Aug. 11:00 - 13:40', 'Sun 1 Aug. 17:00 - 19:40', '', ''),
(107, 12, 'Men\'s Fly (48-52kg) Quarterfinals ~ Men\'s Feather (52-57kg) Semifinal ~ Men\'s Light (57-63kg) Quarterfinals ~ Men\'s Heavy (81-91kg) Semifinal ~ Women\'s Light (57-60kg) Quarterfinals ~ Women\'s Feather (54-57kg) Final ~ Women\'s Feather (54-57kg) Victory Ceremony', 'Women\'s Light (57-60kg) Quarterfinals ~ Men\'s Fly (48-52kg) Quarterfinals ~ Men\'s Feather (52-57kg) Semifinal ~ Men\'s Light (57-63kg) Quarterfinals ~ Men\'s Heavy (81-91kg) Semifinal ~ Men\'s Welter (63-69kg) Final Men\'s Welter (63-69kg) Victory Ceremony', '', '', 'Kokugikan Arena', 'Tue 3 Aug. 11:00 - 13:40', 'Tue 3 Aug. 17:00 - 19:40', '', ''),
(108, 12, 'Women\'s Fly (48-51kg) Semifinals ~ Women\'s Welter (64-69kg) Semifinals ~ Men\'s Super Heavy (+91kg) Semifinals ~ Men\'s Light Heavy (75-81kg) Final ~ Men\'s Light Heavy (75-81kg) Victory Ceremony', '', '', '', 'Kokugikan Arena', 'Wed 4 Aug. 14:00 - 16:10', '', '', ''),
(109, 12, 'Women\'s Light (57-60kg) Semifinals ~ Men\'s Fly (48-52kg) Semifinals ~ Men\'s Middle (69-75kg) Semifinals ~ Men\'s Feather (52-57kg) Final ~ Men\'s Feather (52-57kg) Victory Ceremony', '', '', '', 'Kokugikan Arena', 'Thu 5 Aug. 14:00 - 16:10', '', '', ''),
(110, 12, 'Women\'s Middle (69-75kg) Semifinals ~ Men\'s Light (57-63kg) Semifinals ~ Men\'s Heavy (81-91kg) Final ~ Men\'s Heavy (81-91kg) Victory Ceremony', '', '', '', 'Kokugikan Arena', 'Fri 6 Aug. 14:00 - 15:40', '', '', ''),
(111, 12, 'Men\'s Fly (48-52kg) Final Men\'s Middle (69-75kg) Final Men\'s Fly (48-52kg) Victory Ceremony Women\'s Fly (48-51kg) Final ~ Men\'s Middle (69-75kg) Victory Ceremony ~ Women\'s Welter (64-69kg) Final ~ Women\'s Fly (48-51kg) Victory Ceremony ~ Women\'s Welter (64-69kg) Victory Ceremony', '', '', '', 'Kokugikan Arena', 'Sat 7 Aug. 14:00 - 15:55', '', '', ''),
(112, 12, 'Women\'s Light (57-60kg) Final ~ Women\'s Middle (69-75kg) Final ~ Women\'s Light (57-60kg) Victory Ceremony ~ Men\'s Light (57-63kg) Final ~ Women\'s Middle (69-75kg) Victory Ceremony ~ Men\'s Super Heavy (+91kg) Final ~ Men\'s Light (57-63kg) Victory Ceremony ~ Men\'s Super Heavy (+91kg) Victory Ceremony', '', '', '', 'Kokugikan Arena', ' Sun 8 Aug. 14:00 - 15:55', '', '', ''),
(113, 13, 'Canoe (C1) Men Heats  ', 'Kayak (K1) Women Heats', '', '', 'Kasai Canoe Slalom Centre', 'Sun 25 July 13:00 - 16:45', 'Sun 25 July 13:00 - 16:45', '', ''),
(114, 13, 'Canoe (C1) Men Semi-final', 'Canoe (C1) Men Final', 'Canoe (C1) Men Victory Ceremony', '', ' Kasai Canoe Slalom Centre', 'Mon 26 July 14:00 - 16:45', 'Mon 26 July 14:00 - 16:45', 'Mon 26 July 14:00 - 16:45', ''),
(115, 13, 'Kayak (K1) Women Semi-final', 'Kayak (K1) Women Final', 'Kayak (K1) Women Victory Ceremony', '', 'Kasai Canoe Slalom Centre', 'Tue 27 July 14:00 - 17:00', 'Tue 27 July 14:00 - 17:00', 'Tue 27 July 14:00 - 17:00', ''),
(116, 13, 'Canoe (C1) Women Heats', 'Kayak (K1) Men Heats', '', '', 'Kasai Canoe Slalom Centre', 'Wed 28 July 13:00 - 16:45', 'Wed 28 July 13:00 - 16:45', '', ''),
(117, 13, 'Canoe (C1) Women Semi-final', 'Canoe (C1) Women Final', 'Canoe (C1) Women Victory Ceremony', '', 'Kasai Canoe Slalom Centre', 'Thu 29 July 14:00 - 16:45', 'Thu 29 July 14:00 - 16:45', 'Thu 29 July 14:00 - 16:45', ''),
(118, 13, 'Kayak (K1) Men Semi-final', 'Kayak (K1) Men Final', 'Kayak (K1) Men Victory Ceremony', '', 'Kasai Canoe Slalom Centre', 'Fri 30 July 14:00 - 17:00', 'Fri 30 July 14:00 - 17:00', 'Fri 30 July 14:00 - 17:00', ''),
(119, 14, 'Women\'s Kayak Single 200m Heats ~ Men\'s Canoe Double 1000m Heats', 'Men\'s Kayak Single 1000m Heats ~ Women\'s Kayak Double 500m Heats', 'Women\'s Kayak Single 200m Quarterfinals ~ Men\'s Canoe Double 1000m Quarterfinals', 'Men\'s Kayak Single 1000m Quarterfinals ~ Women\'s Kayak Double 500m Quarterfinals', 'Sea Forest Waterway', 'Mon 2 Aug. 9:30 - 13:00', 'Mon 2 Aug. 9:30 - 13:00', 'Mon 2 Aug. 9:30 - 13:00', 'Mon 2 Aug. 9:30 - 13:00'),
(120, 14, 'Women\'s Kayak Single 200m Semifinals ~ Men\'s Canoe Double 1000m Semifinals ~ Men\'s Kayak Single 1000m Semifinals', 'Women\'s Kayak Double 500m Semifinals ~ Women\'s Kayak Single 200m Finals ~ Men\'s Canoe Double 1000m Finals', 'Women\'s Kayak Single 200m Victory Ceremony ~ Men\'s Kayak Single 1000m Finals ~ Men\'s Canoe Double 1000m Victory Ceremony', 'Women\'s Kayak Double 500m Finals ~ Men\'s Kayak Single 1000m Victory Ceremony ~ Women\'s Kayak Double 500m Victory Ceremony', 'Sea Forest Waterway', 'Tue 3 Aug. 9:30 - 13:15', 'Tue 3 Aug. 9:30 - 13:15', 'Tue 3 Aug. 9:30 - 13:15', 'Tue 3 Aug. 9:30 - 13:15'),
(121, 14, 'Men\'s Kayak Single 200m Heats ~ Women\'s Canoe Single 200m Heats', 'Women\'s Kayak Single 500m Heats ~ Men\'s Kayak Double 1000m Heats', 'Men\'s Kayak Single 200m Quarterfinals ~ Women\'s Canoe Single 200m Quarterfinals', 'Women\'s Kayak Single 500m Quarterfinals ~ Men\'s Kayak Double 1000m Quarterfinals', 'Sea Forest Waterway', 'Wed 4 Aug. 9:30 - 12:40', 'Wed 4 Aug. 9:30 - 12:40', 'Wed 4 Aug. 9:30 - 12:40', 'Wed 4 Aug. 9:30 - 12:40'),
(122, 14, 'Men\'s Kayak Single 200m Semifinals ~ Women\'s Canoe Single 200m Semifinals ~ Women\'s Kayak Single 500m Semifinals', 'Men\'s Kayak Double 1000m Semifinals ~ Men\'s Kayak Single 200m Finals ~ Women\'s Canoe Single 200m Finals', 'Men\'s Kayak Single 200m Victory Ceremony ~ Women\'s Kayak Single 500m Finals ~ Women\'s Canoe Single 200m Victory Ceremony', 'Men\'s Kayak Double 1000m Finals ~ Women\'s Kayak Single 500m Victory Ceremony ~ Men\'s Kayak Double 1000m Victory Ceremony', 'Sea Forest Waterway', 'Thu 5 Aug. 9:30 - 13:05', 'Thu 5 Aug. 9:30 - 13:05', 'Thu 5 Aug. 9:30 - 13:05', 'Thu 5 Aug. 9:30 - 13:05'),
(123, 14, 'Women\'s Canoe Double 500m Heats ~ Men\'s Canoe Single 1000m Heats', 'Women\'s Kayak Four 500m Heats ~ Men\'s Kayak Four 500m Heats', 'Women\'s Canoe Double 500m Quarterfinals ~ Men\'s Canoe Single 1000m Quarterfinals', '', 'Sea Forest Waterway', 'Fri 6 Aug. 9:30 - 11:40', 'Fri 6 Aug. 9:30 - 11:40', 'Fri 6 Aug. 9:30 - 11:40', ''),
(124, 14, 'Women\'s Canoe Double 500m Semifinals ~ Men\'s Canoe Single 1000m Semifinals ~ Women\'s Kayak Four 500m Semifinals', 'Men\'s Kayak Four 500m Semifinals ~ Women\'s Canoe Double 500m Finals ~ Men\'s Canoe Single 1000m Finals', 'Women\'s Canoe Double 500m Victory Ceremony ~ Women\'s Kayak Four 500m Final ~ Men\'s Canoe Single 1000m Victory Ceremony', 'Men\'s Kayak Four 500m Final ~ Women\'s Kayak Four 500m Victory Ceremony ~ Men\'s Kayak Four 500m Victory Ceremony', 'Sea Forest Waterway', 'Sat 7 Aug. 9:30 - 12:50', 'Sat 7 Aug. 9:30 - 12:50', 'Sat 7 Aug. 9:30 - 12:50', 'Sat 7 Aug. 9:30 - 12:50'),
(125, 15, 'Women\'s Park Seeding', 'Men\'s Park Seeding', '', '', 'Ariake Urban Sports Park', 'Sat 31 July 10:10 - 12:20', 'Sat 31 July 10:10 - 12:20', '', ''),
(126, 15, 'Women\'s Park Final', 'Men\'s Park Final', 'Women\'s Park Victory Ceremony', 'Men\'s Park Victory Ceremony', 'Ariake Urban Sports Park', 'Sun 1 Aug. 10:10 - 12:45', 'Sun 1 Aug. 10:10 - 12:45', 'Sun 1 Aug. 10:10 - 12:45', 'Sun 1 Aug. 10:10 - 12:45'),
(127, 16, 'Men\'s Quarterfinals', 'Women\'s Quarterfinals', '', '', ' Ariake Urban Sports Park', 'Thu 29 July 10:00 - 12:00', 'Thu 29 July 10:00 - 12:00', '', ''),
(128, 16, 'Men\'s Semifinals~ Women\'s Semifinals', 'Men\'s Final ~ Women\'s Final', 'Men\'s Victory Ceremony ~ Women\'s Victory Ceremony', '', 'Ariake Urban Sports Park', 'Fri 30 July 10:00 - 12:20', 'Fri 30 July 10:00 - 12:20', 'Fri 30 July 10:00 - 12:20', ''),
(129, 17, 'Men\'s Cross-country', 'Men\'s Cross-country Victory Ceremony', '', '', 'Izu MTB Course', 'Mon 26 July 15:00 - 17:00', 'Mon 26 July 15:00 - 17:00', '', ''),
(130, 17, 'Women\'s Cross-country', 'Women\'s Cross-country Victory Ceremony', '', '', 'Izu MTB Course', 'Tue 27 July 15:00 - 17:00', 'Tue 27 July 15:00 - 17:00', '', ''),
(131, 18, 'Men\'s Road Race', 'Men\'s Road Race Victory Ceremony', '*Start from Musashinonomori Park.', '', 'Fuji International Speedway', 'Sat 24 July 11:00 - 18:15', 'Sat 24 July 11:00 - 18:15', 'Sat 24 July 11:00 - 18:15', ''),
(132, 18, 'Women\'s Road Race', 'Women\'s Road Race Victory Ceremony', '*Start from Musashinonomori Park.', '', 'Fuji International Speedway', 'Sun 25 July 13:00 - 17:35', 'Sun 25 July 13:00 - 17:35', 'Sun 25 July 13:00 - 17:35', ''),
(133, 18, 'Women\'s Individual Time Trial', 'Women\'s Individual Time Trial Victory Ceremony', 'Men\'s Individual Time Trial', 'Men\'s Individual Time Trial Victory Ceremony', 'Fuji International Speedway', ' Wed 28 July 11:30 - 17:40', ' Wed 28 July 11:30 - 17:40', ' Wed 28 July 11:30 - 17:40', ' Wed 28 July 11:30 - 17:40'),
(134, 19, 'Women\'s Team Sprint Qualifying ~ Women\'s Team Pursuit Qualifying', 'Women\'s Team Sprint First round ~ Men\'s Team Pursuit Qualifying', 'Women\'s Team Sprint Finals ~ Women\'s Team Sprint Victory Ceremony', '', 'Izu Velodrome', 'Mon 2 Aug. 15:30 - 18:30', 'Mon 2 Aug. 15:30 - 18:30', 'Mon 2 Aug. 15:30 - 18:30', ''),
(135, 19, 'Women\'s Team Pursuit First round ~ Men\'s Team Sprint Qualifying', 'Men\'s Team Pursuit First round ~ Men\'s Team Sprint First round', 'Women\'s Team Pursuit Finals ~ Men\'s Team Sprint Finals', 'Women\'s Team Pursuit Victory Ceremony ~ Men\'s Team Sprint Victory Ceremony', 'Izu Velodrome', 'Tue 3 Aug. 15:30 - 18:10', 'Tue 3 Aug. 15:30 - 18:10', 'Tue 3 Aug. 15:30 - 18:10', 'Tue 3 Aug. 15:30 - 18:10'),
(136, 19, 'Men\'s Sprint Qualifying ~ Women\'s Keirin First round ~ Men\'s Sprint 1/32 Finals', 'Women\'s Keirin Repechages ~ Men\'s Sprint 1/32 Finals Repechages', 'Men\'s Team Pursuit Finals ~ Men\'s Sprint 1/16 Finals', 'Men\'s Team Pursuit Victory Ceremony ~ Men\'s Sprint 1/16 Finals Repechages', 'Izu Velodrome', 'Wed 4 Aug. 15:30 - 19:00', 'Wed 4 Aug. 15:30 - 19:00', 'Wed 4 Aug. 15:30 - 19:00', 'Wed 4 Aug. 15:30 - 19:00'),
(137, 19, 'Men\'s Omnium Scratch Race 1/4 ~ Men\'s Sprint 1/8 Finals ~ Women\'s Keirin Quarterfinals ~ Men\'s Sprint 1/8 Finals Repechages', 'Men\'s Omnium Tempo Race 2/4 ~ Men\'s Sprint Quarterfinals ~ Women\'s Keirin Semifinals', 'Men\'s Omnium Elimination Race 3/4 ~ Women\'s Keirin Final 7-12 ~ Women\'s Keirin Final 1-6', 'Men\'s Omnium Points Race 4/4 ~ Men\'s Sprint Race for 5th-8th Places ~ Women\'s Keirin Victory Ceremony ~ Men\'s Omnium Victory Ceremony', 'Izu Velodrome', ' Thu 5 Aug. 15:30 - 18:50', ' Thu 5 Aug. 15:30 - 18:50', ' Thu 5 Aug. 15:30 - 18:50', ' Thu 5 Aug. 15:30 - 18:50'),
(138, 19, 'Women\'s Sprint Qualifying ~ Men\'s Sprint Semifinals ~ Women\'s Sprint 1/32 Finals', 'Women\'s Sprint 1/32 Finals Repechages ~ Women\'s Madison Final', 'Men\'s Sprint Finals ~ Women\'s Sprint 1/16 Finals', 'Women\'s Madison Victory Ceremony ~ Women\'s Sprint 1/16 Finals Repechages ~ Men\'s Sprint Victory Ceremony', 'Izu Velodrome', ' Fri 6 Aug. 15:30 - 19:15', ' Fri 6 Aug. 15:30 - 19:15', ' Fri 6 Aug. 15:30 - 19:15', ' Fri 6 Aug. 15:30 - 19:15'),
(139, 19, 'Women\'s Sprint 1/8 Finals ~ Men\'s Keirin First Round', 'Women\'s Sprint 1/8 Finals Repechages ~ Men\'s Keirin Repechages', 'Women\'s Sprint Quarterfinals ~ Men\'s Madison Final ~ Men\'s Madison Victory Ceremony', '', ' Izu Velodrome', 'Sat 7 Aug. 15:30 - 18:25', 'Sat 7 Aug. 15:30 - 18:25', 'Sat 7 Aug. 15:30 - 18:25', ''),
(140, 19, 'Women\'s Omnium Scratch Race 1/4 ~ Women\'s Sprint Semifinals ~ Men\'s Keirin Quarterfinals ~ Women\'s Omnium Tempo Race 2/4', 'Women\'s Sprint Race for 5th-8th Places ~ Men\'s Keirin Semifinals ~ Women\'s Sprint Finals', 'Women\'s Omnium Elimination Race 3/4 ~ Men\'s Keirin Final 7-12 ~ Men\'s Keirin Final 1-6', 'Men\'s Keirin Victory Ceremony ~ Women\'s Omnium Points Race 4/4 ~ Women\'s Sprint Victory Ceremony ~ Women\'s Omnium Victory Ceremony', 'Izu Velodrome', 'Sun 8 Aug. 10:00 - 13:15', 'Sun 8 Aug. 10:00 - 13:15', 'Sun 8 Aug. 10:00 - 13:15', 'Sun 8 Aug. 10:00 - 13:15'),
(141, 20, 'Women\'s Synchronised 3m Springboard Final', 'Women\'s Synchronised 3m Springboard Victory Ceremony', '', '', 'Tokyo Aquatics Centre', 'Sun 25 July 15:00 - 16:00', 'Sun 25 July 15:00 - 16:00', '', ''),
(142, 20, 'Men\'s Synchronised 10m Platform Final', 'Men\'s Synchronised 10m Platform Victory Ceremony', '', '', ' Tokyo Aquatics Centre', ' Mon 26 July 15:00 - 16:00', ' Mon 26 July 15:00 - 16:00', '', ''),
(143, 20, 'Women\'s Synchronised 10m Platform Final', 'Women\'s Synchronised 10m Platform Victory Ceremony', '', '', 'Tokyo Aquatics Centre', 'Tue 27 July 15:00 - 16:00', 'Tue 27 July 15:00 - 16:00', '', ''),
(144, 20, 'Men\'s Synchronised 3m Springboard Final', 'Men\'s Synchronised 3m Springboard Victory Ceremony', '', '', 'Tokyo Aquatics Centre', 'Wed 28 July 15:00 - 16:00', 'Wed 28 July 15:00 - 16:00', '', ''),
(145, 20, 'Women\'s 3m Springboard Preliminary', '', '', '', ' Tokyo Aquatics Centre', 'Fri 30 July 15:00 - 17:30', '', '', ''),
(146, 20, 'Women\'s 3m Springboard Semifinal', '', '', '', 'Tokyo Aquatics Centre', 'Sat 31 July 15:00 - 16:30', '', '', ''),
(147, 20, 'Women\'s 3m Springboard Final', 'Women\'s 3m Springboard Victory Ceremony', '', '', 'Tokyo Aquatics Centre', ' Sun 1 Aug. 15:00 - 16:30', ' Sun 1 Aug. 15:00 - 16:30', '', ''),
(148, 20, 'Men\'s 3m Springboard Preliminary', '', '', '', 'Tokyo Aquatics Centre', ' Mon 2 Aug. 15:00 - 17:30', '', '', ''),
(149, 0, 'Men\'s 3m Springboard Semifinal', 'Men\'s 3m Springboard Final', 'Men\'s 3m Springboard Victory Ceremony', '', 'Tokyo Aquatics Centre', 'Tue 3 Aug. 10:00 - 11:30', 'Tue 3 Aug. 15:00 - 16:30', 'Tue 3 Aug. 15:00 - 16:30', ''),
(150, 20, 'Women\'s 10m Platform Preliminary', '', '', '', '20', 'Wed 4 Aug. 15:00 - 17:30', '', '', ''),
(151, 20, 'Women\'s 10m Platform Semifinal', 'Women\'s 10m Platform Final', 'Women\'s 10m Platform Victory Ceremony', '', 'Tokyo Aquatics Centre', 'Thu 5 Aug. 10:00 - 11:30', 'Thu 5 Aug. 15:00 - 16:30', 'Thu 5 Aug. 15:00 - 16:30', ''),
(152, 20, 'Men\'s 10m Platform Preliminary', '', '', '', 'Tokyo Aquatics Centre', 'Fri 6 Aug. 15:00 - 17:30', '', '', ''),
(153, 20, 'Men\'s 10m Platform Semifinal', 'Men\'s 10m Platform Final', 'Men\'s 10m Platform Victory Ceremony', '', 'Tokyo Aquatics Centre', 'Sat 7 Aug. 10:00 - 11:30', 'Sat 7 Aug. 15:00 - 16:30', 'Sat 7 Aug. 15:00 - 16:30', ''),
(154, 21, 'Dressage Grand Prix Team and Individual Day 1', '', '', '', 'Equestrian Park', 'Men\'s 10m Platform Victory Ceremony', '', '', ''),
(155, 21, 'Dressage Grand Prix Team and Individual Day 2', '', '', '', 'Equestrian Park', 'Sun 25 July 17:00 - 22:15', '', '', ''),
(156, 21, 'Dressage Team Grand Prix Special', 'Dressage Team Victory Ceremony', '', '', 'Equestrian Park', 'Tue 27 July 17:00 - 22:40', 'Tue 27 July 17:00 - 22:40', '', ''),
(157, 21, 'Dressage Individual Grand Prix Freestyle', 'Dressage Individual Victory Ceremony', '', '', 'Equestrian Park', 'Wed 28 July 17:30 - 21:25', 'Wed 28 July 17:30 - 21:25', '', ''),
(158, 21, 'Eventing Dressage Team and Individual Day 1 - Session 1', 'Eventing Dressage Team and Individual Day 1 - Session 2', '', '', 'Equestrian Park', 'Fri 30 July 8:30 - 11:00', 'Fri 30 July 17:30 - 20:10', '', ''),
(159, 21, 'Eventing Dressage Team and Individual Day 2 - Session 3', '', '', '', 'Equestrian Park', 'Sat 31 July 8:30 - 11:00', '', '', ''),
(160, 21, 'Eventing Cross Country Team and Individual', '', '', '', 'Sea Forest Cross-Country Course', 'Sun 1 Aug. 7:45 - 11:10', '', '', ''),
(161, 21, 'Eventing Jumping Team Final and Individual Qualifier', 'Eventing Jumping Individual Final', 'Eventing Team Victory Ceremony', 'Eventing Individual Victory Ceremony', 'Equestrian Park', 'Mon 2 Aug. 17:00 - 22:25', 'Mon 2 Aug. 17:00 - 22:25', 'Mon 2 Aug. 17:00 - 22:25', 'Mon 2 Aug. 17:00 - 22:25'),
(162, 21, 'Jumping Individual Qualifier', '', '', '', 'Equestrian Park', 'Tue 3 Aug. 19:00 - 22:45', '', '', ''),
(163, 21, 'Jumping Individual Final', 'Jumping Individual Victory Ceremony', '', '', 'Equestrian Park', ' Wed 4 Aug. 19:00 - 21:40', ' Wed 4 Aug. 19:00 - 21:40', '', ''),
(164, 21, 'Jumping Team Qualifier', '', '', '', 'Equestrian Park', 'Fri 6 Aug. 19:00 - 22:05', '', '', ''),
(165, 21, 'Jumping Team Final', 'Jumping Team Victory Ceremony', '', '', 'Equestrian Park', 'Sat 7 Aug. 19:00 - 21:30', 'Sat 7 Aug. 19:00 - 21:30', '', ''),
(166, 22, 'Women\'s Epe Individual Table of 64 ~ Men\'s Sabre Individual Table of 64', 'Women\'s Epe Individual Table of 32 ~ Men\'s Sabre Individual Table of 32', 'Women\'s Epe Individual Table of 16 ~ Men\'s Sabre Individual Table of 16', 'Women\'s Epe Individual Quarterfinals ~ Men\'s Sabre Individual Quarterfinals', 'Makuhari Messe Hall B', 'Sat 24 July 9:00 - 16:20', 'Sat 24 July 9:00 - 16:20', 'Sat 24 July 9:00 - 16:20', 'Sat 24 July 9:00 - 16:20'),
(167, 22, 'Women\'s Epe Individual Semifinals ~ Men\'s Sabre Individual Semifinals', 'Women\'s Epe Individual Bronze Medal Bout ~ Men\'s Sabre Individual Bronze Medal Bout', 'Women\'s Epe Individual Gold Medal Bout ~ Men\'s Sabre Individual Gold Medal Bout', 'Women\'s Epe Individual Victory Ceremony ~ Men\'s Sabre Individual Victory Ceremony', 'Makuhari Messe Hall B', ' Sat 24 July 18:00 - 22:25', ' Sat 24 July 18:00 - 22:25', ' Sat 24 July 18:00 - 22:25', ' Sat 24 July 18:00 - 22:25');
INSERT INTO `information` (`info_id`, `e_id`, `details`, `details_1`, `details_2`, `details_3`, `venue`, `date_time1`, `date_time2`, `date_time3`, `date_time4`) VALUES
(168, 22, 'Women\'s Foil Individual Table of 64 ~ Men\'s Epe Individual Table of 64', 'Women\'s Foil Individual Table of 32 ~ Men\'s Epe Individual Table of 32', 'Women\'s Foil Individual Table of 16 ~ Men\'s Epe Individual Table of 16', 'Women\'s Foil Individual Quarterfinals Men\'s ~ Epe Individual Quarterfinals', 'Makuhari Messe Hall B', 'Sun 25 July 9:00 - 16:20', 'Sun 25 July 9:00 - 16:20', 'Sun 25 July 9:00 - 16:20', 'Sun 25 July 9:00 - 16:20'),
(169, 22, 'Women\'s Foil Individual Semifinals ~ Men\'s Epe Individual Semifinals', 'Women\'s Foil Individual Bronze Medal Bout ~ Men\'s Epe Individual Bronze Medal Bout', 'Women\'s Foil Individual Gold Medal Bout ~ Men\'s Epe Individual Gold Medal Bout', 'Women\'s Foil Individual Victory Ceremony ~ Men\'s Epe Individual Victory Ceremony', 'Makuhari Messe Hall B', 'Sun 25 July 18:00 - 22:25', 'Sun 25 July 18:00 - 22:25', 'Sun 25 July 18:00 - 22:25', 'Sun 25 July 18:00 - 22:25'),
(170, 22, 'Women\'s Sabre Individual Table of 64 ~ Men\'s Foil Individual Table of 64', 'Women\'s Sabre Individual Table of 32 ~ Men\'s Foil Individual Table of 32', 'Women\'s Sabre Individual Table of 16 ~ Men\'s Foil Individual Table of 16', 'Women\'s Sabre Individual Quarterfinals ~ Men\'s Foil Individual Quarterfinals', 'Makuhari Messe Hall B', 'Mon 26 July 9:00 - 16:20', 'Mon 26 July 9:00 - 16:20', 'Mon 26 July 9:00 - 16:20', 'Mon 26 July 9:00 - 16:20'),
(171, 22, 'Women\'s Sabre Individual Semifinals ~ Men\'s Foil Individual Semifinals', 'Women\'s Sabre Individual Bronze Medal Bout ~ Men\'s Foil Individual Bronze Medal Bout', 'Women\'s Sabre Individual Gold Medal Bout ~ Men\'s Foil Individual Gold Medal Bout', 'Women\'s Sabre Individual Victory Ceremony ~ Men\'s Foil Individual Victory Ceremony', 'Makuhari Messe Hall B', 'Mon 26 July 18:00 - 22:25', 'Mon 26 July 18:00 - 22:25', 'Mon 26 July 18:00 - 22:25', 'Mon 26 July 18:00 - 22:25'),
(172, 22, 'Women\'s Epe Team Table of 16 ~ Women\'s Epe Team Quarterfinals', 'Women\'s Epe Team Classification 5-8 ~ Women\'s Epe Team Semifinals', 'Women\'s Epe Team Placement 5-6 ~ Women\'s Epe Team Placement 7-8', '', 'Makuhari Messe Hall B', 'Tue 27 July 10:00 - 15:20', 'Tue 27 July 10:00 - 15:20', 'Tue 27 July 10:00 - 15:20', ''),
(173, 22, 'Women\'s Epe Team Bronze Medal Match', 'Women\'s Epe Team Gold Medal Match', 'Women\'s Epe Team Victory Ceremony', '', 'Makuhari Messe Hall B', 'Tue 27 July 18:30 - 20:40', 'Tue 27 July 18:30 - 20:40', 'Tue 27 July 18:30 - 20:40', ''),
(174, 22, 'Men\'s Sabre Team Table of 16 ~ Men\'s Sabre Team Quarterfinals', 'Men\'s Sabre Team Classification 5-8 ~ Men\'s Sabre Team Semifinals', 'Men\'s Sabre Team Placement 5-6 ~ Men\'s Sabre Team Placement 7-8', '', 'Makuhari Messe Hall B', 'Wed 28 July 10:00 - 15:20', 'Wed 28 July 10:00 - 15:20', 'Wed 28 July 10:00 - 15:20', ''),
(175, 21, 'Men\'s Sabre Team Bronze Medal Match', 'Men\'s Sabre Team Gold Medal Match', 'Men\'s Sabre Team Victory Ceremony', '', 'Makuhari Messe Hall B', 'Wed 28 July 18:30 - 20:40', 'Wed 28 July 18:30 - 20:40', 'Wed 28 July 18:30 - 20:40', ''),
(176, 22, 'Women\'s Foil Team Table of 16 ~ Women\'s Foil Team Quarterfinals', 'Women\'s Foil Team Classification 5-8 ~ Women\'s Foil Team Semifinals', 'Women\'s Foil Team Placement 5-6 ~ Women\'s Foil Team Placement 7-8', '', 'Makuhari Messe Hall B', 'Thu 29 July 9:00 - 16:25', 'Thu 29 July 9:00 - 16:25', 'Thu 29 July 9:00 - 16:25', ''),
(177, 22, 'Women\'s Foil Team Bronze Medal Match', 'Women\'s Foil Team Gold Medal Match', 'Women\'s Foil Team Victory Ceremony', '', 'Makuhari Messe Hall B', 'Thu 29 July 18:30 - 21:30', 'Thu 29 July 18:30 - 21:30', 'Thu 29 July 18:30 - 21:30', ''),
(178, 22, 'Men\'s Epe Team Table of 16 ~ Men\'s Epe Team Quarterfinals', 'Men\'s Epe Team Classification 5-8 ~ Men\'s Epe Team Semifinals', 'Men\'s Epe Team Placement 5-6 ~ Men\'s Epe Team Placement 7-8', '', 'Makuhari Messe Hall B', 'Fri 30 July 10:00 - 15:20', 'Fri 30 July 10:00 - 15:20', 'Fri 30 July 10:00 - 15:20', ''),
(179, 0, 'Men\'s Epe Team Bronze Medal Match', 'Men\'s Epe Team Gold Medal Match', 'Men\'s Epe Team Victory Ceremony', '', 'Makuhari Messe Hall B', 'Fri 30 July 18:30 - 20:40', 'Fri 30 July 18:30 - 20:40', 'Fri 30 July 18:30 - 20:40', ''),
(180, 22, 'Women\'s Sabre Team Table of 16 ~ Women\'s Sabre Team Quarterfinals', 'Women\'s Sabre Team Classification 5-8 ~ Women\'s Sabre Team Semifinals', 'Women\'s Sabre Team Placement 5-6 ~ Women\'s Sabre Team Placement 7-8', '', 'Makuhari Messe Hall B', 'Sat 31 July 10:00 - 15:20', 'Sat 31 July 10:00 - 15:20', 'Sat 31 July 10:00 - 15:20', ''),
(181, 22, 'Women\'s Sabre Team Bronze Medal Match', 'Women\'s Sabre Team Gold Medal Match', 'Women\'s Sabre Team Victory Ceremony', '', 'Makuhari Messe Hall B', 'Sat 31 July 18:30 - 20:40', 'Sat 31 July 18:30 - 20:40', 'Sat 31 July 18:30 - 20:40', ''),
(182, 22, 'Men\'s Foil Team Table of 16 ~ Men\'s Foil Team Quarterfinals', 'Men\'s Foil Team Classification 5-8 ~ Men\'s Foil Team Semifinals', 'Men\'s Foil Team Placement 5-6 ~ Men\'s Foil Team Placement 7-8', '', 'Makuhari Messe Hall B', 'Sun 1 Aug. 9:00 - 16:00', 'Sun 1 Aug. 9:00 - 16:00', 'Sun 1 Aug. 9:00 - 16:00', ''),
(183, 22, 'Men\'s Foil Team Bronze Medal Match', 'Men\'s Foil Team Gold Medal Match', 'Men\'s Foil Team Victory Ceremony', '', 'Makuhari Messe Hall B', 'Sun 1 Aug. 18:30 - 21:20', 'Sun 1 Aug. 18:30 - 21:20', 'Sun 1 Aug. 18:30 - 21:20', ''),
(184, 23, 'Women\'s First Round (2 matches)', '', '', '', 'Sapporo Dome', 'Wed 21 July 16:30 - 21:30', '', '', ''),
(185, 23, 'Women\'s First Round (2 matches)', '', '', '', 'Miyagi Stadium', 'Wed 21 July 17:00 - 22:00', '', '', ''),
(186, 23, 'Women\'s First Round (2 matches)', '', '', '', 'Tokyo Stadium', 'Wed 21 July 17:30 - 22:30', '', '', ''),
(187, 23, 'Men\'s First Round (2 matches)', '', '', '', 'Sapporo Dome', 'Thu 22 July 16:30 - 21:30', '', '', ''),
(188, 23, 'Men\'s First Round (2 matches)', '', '', '', 'Tokyo Stadium', 'Thu 22 July 17:00 - 22:00', '', '', ''),
(189, 23, 'Men\'s First Round (2 matches)', '', '', '', 'Ibaraki Kashima Stadium', 'Thu 22 July 17:00 - 22:00', '', '', ''),
(190, 23, 'Men\'s First Round (2 matches)', '', '', '', ' International Stadium Yokohama', 'Thu 22 July 17:30 - 22:30', '', '', ''),
(191, 23, 'Women\'s First Round (2 matches)', '', '', '', 'Sapporo Dome', 'Sat 24 July 16:30 - 21:30', '', '', ''),
(192, 23, 'Women\'s First Round (2 matches)', '', '', '', 'Miyagi Stadium', 'Sat 24 July 17:00 - 22:00', '', '', ''),
(193, 23, 'Women\'s First Round (2 matches)', '', '', '', 'Saitama Stadium', ' Sat 24 July 17:30 - 22:30', '', '', ''),
(194, 23, 'Men\'s First Round (2 matches)', '', '', '', 'Sapporo Dome', 'Sun 25 July 16:30 - 21:30', '', '', ''),
(195, 23, 'Men\'s First Round (2 matches)', '', '', '', ' Sun 25 July 17:00 - 22:00', ' Sun 25 July 17:00 - 22:00', '', '', ''),
(196, 23, 'Men\'s First Round (2 matches)', '', '', '', ' Saitama Stadium', 'Sun 25 July 17:00 - 22:00', '', '', ''),
(197, 23, 'Men\'s First Round (2 matches)', '', '', '', ' International Stadium Yokohama', ' Sun 25 July 17:30 - 22:30', '', '', ''),
(198, 23, 'Women\'s First Round (2 matches)', '', '', '', 'Miyagi Stadium', 'Tue 27 July 17:00 - 22:00', '', '', ''),
(199, 23, 'Women\'s First Round (2 matches)', '', '', '', 'Ibaraki Kashima Stadium', 'Tue 27 July 17:00 - 22:00', '', '', ''),
(200, 23, 'Women\'s First Round (1 match)', '', '', '', 'Saitama Stadium', ' Tue 27 July 20:30 - 22:30', '', '', ''),
(201, 23, 'Women\'s First Round (1 match)', '', '', '', 'International Stadium Yokohama', ' Tue 27 July 20:30 - 22:30', '', '', ''),
(202, 23, 'Men\'s First Round (2 matches)', '', '', '', ' Sapporo Dome', 'Wed 28 July 17:30 - 22:30', '', '', ''),
(203, 23, 'Men\'s First Round (2 matches)', '', '', '', 'Miyagi Stadium', 'Wed 28 July 17:00 - 22:00', '', '', ''),
(204, 23, 'Men\'s First Round (2 matches)', '', '', '', 'Saitama Stadium', 'Wed 28 July 17:00 - 22:00', '', '', ''),
(205, 23, 'Men\'s First Round (2 matches)', '', '', '', 'International Stadium Yokohama', 'Wed 28 July 17:30 - 22:30', '', '', ''),
(206, 23, 'Women\'s Quarterfinal', '', '', '', 'Miyagi Stadium', 'Fri 30 July 17:00 - 20:00', '', '', ''),
(207, 23, 'Women\'s Quarterfinal', '', '', '', 'Ibaraki Kashima Stadium', ' Fri 30 July 18:00 - 21:00', '', '', ''),
(208, 23, 'Women\'s Quarterfinal', '', '', '', 'Saitama Stadium', ' Fri 30 July 19:00 - 22:00', '', '', ''),
(209, 23, 'Women\'s Quarterfinal', '', '', '', 'International Stadium Yokohama', 'Fri 30 July 20:00 - 23:00', '', '', ''),
(210, 23, 'Men\'s Quarterfinal', '', '', '', ' Miyagi Stadium', ' Sat 31 July 17:00 - 20:00', '', '', ''),
(211, 23, 'Men\'s Quarterfinal', '', '', '', 'Ibaraki Kashima Stadium', 'Sat 31 July 18:00 - 21:00', '', '', ''),
(212, 23, 'Men\'s Quarterfinal', '', '', '', 'Saitama Stadium', 'Sat 31 July 19:00 - 22:00', '', '', ''),
(213, 23, 'Men\'s Quarterfinal', '', '', '', 'International Stadium Yokohama', 'Sat 31 July 20:00 - 23:00', '', '', ''),
(214, 23, 'Women\'s Semifinal', '', '', '', 'Ibaraki Kashima Stadium', ' Mon 2 Aug. 17:00 - 20:00', '', '', ''),
(215, 23, 'Women\'s Semifinal', '', '', '', 'International Stadium Yokohama', ' Mon 2 Aug. 20:00 - 23:00', '', '', ''),
(216, 23, 'Men\'s Semifinal', '', '', '', 'Ibaraki Kashima Stadium', 'Tue 3 Aug. 17:00 - 20:00', '', '', ''),
(217, 23, 'Men\'s Semifinal', '', '', '', 'Saitama Stadium ', 'Tue 3 Aug. 20:00 - 23:00', '', '', ''),
(218, 23, 'Women\'s Bronze Medal Match', '', '', '', 'Ibaraki Kashima Stadium', 'Thu 5 Aug. 17:00 - 20:00', '', '', ''),
(219, 23, 'Women\'s Gold Medal Match', 'Women\'s Victory Ceremony', '', '', 'Olympic Stadium', 'Fri 6 Aug. 11:00 - 14:00', 'Fri 6 Aug. 11:00 - 14:00', '', ''),
(220, 23, 'Men\'s Bronze Medal Match', '', '', '', 'Saitama Stadium', 'Fri 6 Aug. 20:00 - 23:00', '', '', ''),
(221, 23, 'Men\'s Gold Medal Match', 'Men\'s Victory Ceremony', '', '', 'International Stadium Yokohama', 'Sat 7 Aug. 20:30 - 23:30', 'Sat 7 Aug. 20:30 - 23:30', '', ''),
(222, 24, 'Men\'s Individual Stroke Play Round 1', '', '', '', 'Kasumigaseki Country Club', ' Thu 29 July 7:30 - 15:30', '', '', ''),
(223, 24, 'Men\'s Individual Stroke Play Round 2', '', '', '', 'Kasumigaseki Country Club', 'Fri 30 July 7:30 - 15:30', '', '', ''),
(224, 24, ' Kasumigaseki Country Club', '', '', '', 'Kasumigaseki Country Club', 'Sat 31 July 7:30 - 15:30', '', '', ''),
(225, 24, 'Men\'s Individual Stroke Play Round 4', 'Men\'s Victory Ceremony', '', '', 'Kasumigaseki Country Club', ' Sun 1 Aug. 7:30 - 16:00', ' Sun 1 Aug. 7:30 - 16:00', '', ''),
(226, 24, 'Women\'s Individual Stroke Play Round 1', '', '', '', 'Kasumigaseki Country Club', ' Wed 4 Aug. 7:30 - 15:30', '', '', ''),
(227, 24, 'Women\'s Individual Stroke Play Round 2', '', '', '', 'Kasumigaseki Country Club', 'Thu 5 Aug. 7:30 - 15:30', '', '', ''),
(228, 24, 'Women\'s Individual Stroke Play Round 3', '', '', '', 'Kasumigaseki Country Club', 'Fri 6 Aug. 7:30 - 15:30', '', '', ''),
(229, 24, 'Women\'s Individual Stroke Play Round 4', 'Women\'s Victory Ceremony', '', '', 'Kasumigaseki Country Club', 'Sat 7 Aug. 7:30 - 16:00', 'Sat 7 Aug. 7:30 - 16:00', '', ''),
(230, 25, 'Men\'s Preliminaries (2 matches)', 'Men\'s Preliminaries (2 matches)', 'Men\'s Preliminaries (2 matches)', '', 'Yoyogi National Stadium', 'Sat 24 July 9:00 - 12:30', 'Sat 24 July 14:15 - 17:45', 'Sat 24 July 19:30 - 23:00', ''),
(231, 25, 'Women\'s Preliminaries (2 matches)', 'Women\'s Preliminaries (2 matches)', 'Women\'s Preliminaries (2 matches)', '', 'Yoyogi National Stadium', ' Sun 25 July 9:00 - 12:30', ' Sun 25 July 14:15 - 17:45', 'Sun 25 July 19:30 - 23:00', ''),
(232, 25, 'Men\'s Preliminaries (2 matches)', 'Men\'s Preliminaries (2 matches)', 'Men\'s Preliminaries (2 matches)', '', 'Yoyogi National Stadium', 'Mon 26 July 9:00 - 12:30', 'Mon 26 July 14:15 - 17:45', 'Mon 26 July 19:30 - 23:00', ''),
(233, 25, 'Women\'s Preliminaries (2 matches)', 'Women\'s Preliminaries (2 matches)', 'Women\'s Preliminaries (2 matches)', '', 'Yoyogi National Stadium', 'Tue 27 July 9:00 - 12:30', 'Tue 27 July 14:15 - 17:45', 'Tue 27 July 19:30 - 23:00', ''),
(234, 0, 'Men\'s Preliminaries (2 matches)', 'Men\'s Preliminaries (2 matches)', 'Men\'s Preliminaries (2 matches)', '', 'Yoyogi National Stadium', ' Wed 28 July 9:00 - 12:30', 'Wed 28 July 14:15 - 17:45', 'Wed 28 July 19:30 - 23:00', ''),
(235, 25, 'Women\'s Preliminaries (2 matches)', 'Women\'s Preliminaries (2 matches)', 'Women\'s Preliminaries (2 matches)', '', 'Yoyogi National Stadium', 'Thu 29 July 9:00 - 12:30', 'Thu 29 July 14:15 - 17:45', 'Thu 29 July 19:30 - 23:00', ''),
(236, 25, 'Men\'s Preliminaries (2 matches)', 'Men\'s Preliminaries (2 matches)', 'Men\'s Preliminaries (2 matches)', '', 'Yoyogi National Stadium', 'Fri 30 July 9:00 - 12:30', 'Fri 30 July 14:15 - 17:45', 'Fri 30 July 19:30 - 23:00', ''),
(237, 25, 'Women\'s Preliminaries (2 matches)', 'Women\'s Preliminaries (2 matches)', 'Women\'s Preliminaries (2 matches)', '', 'Yoyogi National Stadium', 'Sat 31 July 9:00 - 12:30', 'Sat 31 July 14:15 - 17:45', ' Sat 31 July 19:30 - 23:00', ''),
(238, 25, 'Men\'s Preliminaries (2 matches)', 'Men\'s Preliminaries (2 matches)', 'Men\'s Preliminaries (2 matches)', '', 'Yoyogi National Stadium', ' Sun 1 Aug. 9:00 - 12:30', 'Sun 1 Aug. 14:15 - 17:45', ' Sun 1 Aug. 19:30 - 23:00', ''),
(239, 25, 'Women\'s Preliminaries (2 matches)', 'Women\'s Preliminaries (2 matches)', 'Women\'s Preliminaries (2 matches)', '', 'Yoyogi National Stadium', 'Mon 2 Aug. 9:00 - 12:30', ' Mon 2 Aug. 14:15 - 17:45', 'Mon 2 Aug. 19:30 - 23:00', ''),
(240, 25, 'Men\'s Quarterfinal', 'Men\'s Quarterfinal', 'Men\'s Quarterfinal', 'Men\'s Quarterfinal', 'Yoyogi National Stadium', 'Tue 3 Aug. 9:30 - 11:30', 'Tue 3 Aug. 13:15 - 15:15', 'Tue 3 Aug. 17:00 - 19:00', 'Tue 3 Aug. 20:45 - 22:45'),
(241, 25, 'Women\'s Quarterfinal', 'Women\'s Quarterfinal', 'Women\'s Quarterfinal', 'Women\'s Quarterfinal', 'Yoyogi National Stadium', 'Wed 4 Aug. 9:30 - 11:30', 'Wed 4 Aug. 13:15 - 15:15', 'Wed 4 Aug. 17:00 - 19:00', 'Wed 4 Aug. 20:45 - 22:45'),
(242, 25, 'Men\'s Semifinal', 'Men\'s Semifinal', '', '', 'Yoyogi National Stadium', 'Thu 5 Aug. 17:00 - 19:00', 'Thu 5 Aug. 21:00 - 23:00', '', ''),
(243, 25, 'Women\'s Semifinal', 'Women\'s Semifinal', '', '', 'Yoyogi National Stadium', 'Fri 6 Aug. 17:00 - 19:00', ' Fri 6 Aug. 21:00 - 23:00', '', ''),
(244, 25, 'Men\'s Bronze Medal Match', 'Men\'s Gold Medal Match', 'Men\'s Victory Ceremony', '', 'Yoyogi National Stadium', 'Sat 7 Aug. 17:00 - 19:00', 'Sat 7 Aug. 21:00 - 23:30', 'Sat 7 Aug. 21:00 - 23:30', ''),
(245, 25, 'Women\'s Bronze Medal Match', 'Women\'s Gold Medal Match', 'Women\'s Victory Ceremony', '', 'Yoyogi National Stadium', 'Sun 8 Aug. 11:00 - 13:00', 'Sun 8 Aug. 15:00 - 17:30', 'Sun 8 Aug. 15:00 - 17:30', ''),
(246, 26, 'Men\'s Pool A, Japan vs Australia ~ Men\'s Pool B, Netherlands vs Belgium', 'Men\'s Pool B, Great Britain vs South Africa ~ Women\'s Pool A, Netherlands vs India', '', '', 'Oi Hockey Stadium - North Pitch', 'Sat 24 July 9:30 - 13:15', 'Sat 24 July 18:30 - 22:15', '', ''),
(247, 26, 'Men\'s Pool A, New Zealand vs India ~ Men\'s Pool A, Argentina vs Spain', 'Men\'s Pool B, Canada vs Germany ~ Women\'s Pool A, Ireland vs South Africa', '', '', ' Oi Hockey Stadium - South Pitch', ' Sat 24 July 10:00 - 13:45', 'Sat 24 July 19:00 - 22:45', '', ''),
(248, 26, 'Women\'s Pool A, Great Britain vs Germany ~ Women\'s Pool B, Japan vs China', 'Men\'s Pool A, India vs Australia ~ Men\'s Pool A, Spain vs New Zealand', '', '', 'Oi Hockey Stadium - North Pitch', 'Sun 25 July 9:30 - 13:15', ' Sun 25 July 18:30 - 22:15', '', ''),
(249, 26, 'Women\'s Pool B, Australia vs Spain ~ Women\'s Pool B, New Zealand vs Argentina', 'Men\'s Pool A, Japan vs Argentina ~ Men\'s Pool B, South Africa vs Netherlands', '', '', 'Oi Hockey Stadium - South Pitch', 'Sun 25 July 10:00 - 13:45', 'Sun 25 July 19:00 - 22:45', '', ''),
(250, 26, 'Men\'s Pool B, Germany vs Belgium ~ Men\'s Pool B, Great Britain vs Canada', 'Women\'s Pool A, South Africa vs Great Britain~ Women\'s Pool B, Japan vs New Zealand', '', '', 'Oi Hockey Stadium - North Pitch', 'Mon 26 July 9:30 - 13:15', 'Mon 26 July 18:30 - 22:15', '', ''),
(251, 26, 'Women\'s Pool A, Netherlands vs Ireland ~Women\'s Pool B, Australia vs China', 'Women\'s Pool B, Argentina vs Spain ~ Women\'s Pool A, Germany vs India', '', '', 'Oi Hockey Stadium - South Pitch', 'Mon 26 July 10:00 - 13:45', 'Mon 26 July 19:00 - 22:45', '', ''),
(252, 26, 'Men\'s Pool A, Argentina vs Australia ~ Men\'s Pool A, Japan vs New Zealand', 'Men\'s Pool B, Belgium vs South Africa ~ Men\'s Pool B, Netherlands vs Canada', '', '', 'Oi Hockey Stadium - North Pitch', 'Tue 27 July 9:30 - 13:15', 'Tue 27 July 18:30 - 22:15', '', ''),
(253, 26, 'Men\'s Pool A, India vs Spain ~Men\'s Pool B, Germany vs Great Britain', '', '', '', 'Oi Hockey Stadium - South Pitch', 'Tue 27 July 10:00 - 13:45', '', '', ''),
(254, 26, 'Women\'s Pool A, Netherlands vs South Africa ~ Women\'s Pool B, New Zealand vs Spain', 'Women\'s Pool B, Japan vs Australia Men\'s Pool A, Japan vs Spain', '', '', 'Oi Hockey Stadium - North Pitch', 'Wed 28 July 9:30 - 13:15', 'Wed 28 July 18:30 - 22:15', '', ''),
(255, 26, 'Women\'s Pool A, Great Britain vs India ~ Women\'s Pool A, Germany vs Ireland', 'Women\'s Pool B, Argentina vs China ~ Men\'s Pool A, Australia vs New Zealand', '', '', 'Oi Hockey Stadium - South Pitch', 'Wed 28 July 10:00 - 13:45', 'Wed 28 July 19:00 - 22:45', '', ''),
(256, 26, 'Men\'s Pool A, India vs Argentina ~ Men\'s Pool B, South Africa vs Germany', 'Women\'s Pool B, Spain vs China ~ Women\'s Pool B, Japan vs Argentina', '', '', 'Oi Hockey Stadium - North Pitch', 'Thu 29 July 9:30 - 13:15', 'Thu 29 July 18:30 - 22:15', '', ''),
(257, 26, 'Men\'s Pool B, Belgium vs Canada ~Men\'s Pool B, Netherlands vs Great Britain', 'Women\'s Pool A, Great Britain vs Netherlands ~Women\'s Pool B, New Zealand vs Australia', '', '', 'Oi Hockey Stadium - South Pitch', 'Thu 29 July 10:00 - 13:45', 'Thu 29 July 19:00 - 22:45', '', ''),
(258, 26, 'Women\'s Pool A, South Africa vs Germany ~ Women\'s Pool A, Ireland vs India', 'Men\'s Pool A, Japan vs India Men\'s Pool B, Germany vs Netherlands', '', '', 'Oi Hockey Stadium - North Pitch', ' Fri 30 July 9:30 - 13:15', 'Fri 30 July 18:30 - 22:15', '', ''),
(259, 26, 'Men\'s Pool A, Australia vs Spain ~ Men\'s Pool B, Canada vs South Africa', 'Men\'s Pool A, Argentina vs New Zealand ~ Men\'s Pool B, Belgium vs Great Britain', '', '', 'Oi Hockey Stadium - South Pitch', 'Fri 30 July 10:00 - 13:45', 'Fri 30 July 19:00 - 22:45', '', ''),
(260, 26, 'Women\'s Pool B, China vs New Zealand ~ Women\'s Pool B, Argentina vs Australia', 'Women\'s Pool A, Germany vs Netherlands ~ Women\'s Pool A, Ireland vs Great Britain', '', '', 'Oi Hockey Stadium - North Pitch', 'Sat 31 July 9:30 - 13:15', 'Sat 31 July 18:30 - 22:15', '', ''),
(261, 26, 'Women\'s Pool B, Japan vs Spain ~ Women\'s Pool A, India vs South Africa', '', '', '', 'Oi Hockey Stadium - South Pitch', 'Sat 31 July 10:00 - 13:45', '', '', ''),
(262, 26, 'Men\'s Quarterfinals (2 matches)', 'Men\'s Quarterfinals (2 matches)', '', '', 'Oi Hockey Stadium - North Pitch', ' Sun 1 Aug. 9:30 - 13:45', 'Sun 1 Aug. 18:30 - 22:45', '', ''),
(263, 26, 'Women\'s Quarterfinals (2 matches)', 'Women\'s Quarterfinals (2 matches)', '', '', 'Oi Hockey Stadium - North Pitch', 'Mon 2 Aug. 9:30 - 13:45', 'Mon 2 Aug. 18:30 - 22:45', '', ''),
(264, 26, 'Men\'s Semifinal', 'Men\'s Semifinal', '', '', 'Oi Hockey Stadium - North Pitch', ' Tue 3 Aug. 10:30 - 12:15', 'Tue 3 Aug. 19:00 - 20:45', '', ''),
(265, 26, 'Women\'s Semifinal', 'Women\'s Semifinal', '', '', 'Oi Hockey Stadium - North Pitch', ' Wed 4 Aug. 10:30 - 12:15', 'Wed 4 Aug. 19:00 - 20:45', '', ''),
(266, 26, 'Men\'s Bronze Medal Match', 'Men\'s Gold Medal Match ~ Men\'s Victory Ceremony', '', '', 'Oi Hockey Stadium - North Pitch', 'Thu 5 Aug. 10:30 - 12:15', ' Thu 5 Aug. 19:00 - 21:10', '', ''),
(267, 26, 'Women\'s Bronze Medal Match', 'Women\'s Gold Medal Match ~ Women\'s Victory Ceremony', '', '', 'Oi Hockey Stadium - North Pitch', 'Fri 6 Aug. 10:30 - 12:15', 'Fri 6 Aug. 19:00 - 21:10', '', ''),
(268, 27, 'Women -48 kg Elimination Rounds ~ Women -48 kg Quarterfinals ~ Men -60 kg Elimination Rounds ~ Men -60 kg Quarterfinals', 'Women -48 kg Repechage ~ Women -48 kg Semifinals ~ Men -60 kg Repechage ~ Men -60 kg Semifinals', 'Women -48 kg Contests for Bronze Medal ~ Women -48 kg Final ~ Men -60 kg Contests for Bronze Medal', 'Men -60 kg Final ~ Women -48 kg Victory Ceremony ~ Men -60 kg Victory Ceremony', 'Nippon Budokan', 'Sat 24 July 11:00 - 14:30', 'Sat 24 July 17:00 - 19:40', 'Sat 24 July 17:00 - 19:40', 'Sat 24 July 17:00 - 19:40'),
(269, 27, 'Women -52 kg Elimination Rounds ~ Women -52 kg Quarterfinals ~ Men -66 kg Elimination Rounds ~ Men -66 kg Quarterfinals', 'Women -52 kg Repechage ~ Women -52 kg Semifinals ~ Men -66 kg Repechage ~ Men -66 kg Semifinals', 'Women -52 kg Contests for Bronze Medal ~ Women -52 kg Final ~ Men -66 kg Contests for Bronze Medal', 'Men -66 kg Final ~ Women -52 kg Victory Ceremony ~ Men -66 kg Victory Ceremony', 'Nippon Budokan', ' Sun 25 July 11:00 - 14:30', 'Sun 25 July 17:00 - 19:40', 'Sun 25 July 17:00 - 19:40', 'Sun 25 July 17:00 - 19:40'),
(270, 27, 'Women -57 kg Elimination Rounds ~ Women -57 kg Quarterfinals ~ Men -73 kg Elimination Rounds Men -73 kg Quarterfinals', 'Women -57 kg Repechage ~ Women -57 kg Semifinals ~ Men -73 kg Repechage ~ Men -73 kg Semifinals', 'Women -57 kg Contests for Bronze Medal ~ Women -57 kg Final ~ Men -73 kg Contests for Bronze Medal', 'Men -73 kg Final ~ Women -57 kg Victory Ceremony ~ Men -73 kg Victory Ceremony', 'Nippon Budokan', 'Mon 26 July 11:00 - 14:30', 'Mon 26 July 17:00 - 19:4', 'Mon 26 July 17:00 - 19:4', 'Mon 26 July 17:00 - 19:4'),
(271, 27, 'Women -63 kg Elimination Rounds ~ Women -63 kg Quarterfinals ~ Men -81 kg Elimination Rounds ~ Men -81 kg Quarterfinals', 'Women -63 kg Repechage ~ Women -63 kg Semifinals ~ Men -81 kg Repechage ~ Men -81 kg Semifinals', 'Women -63 kg Contests for Bronze Medal ~ Women -63 kg Final ~ Men -81 kg Contests for Bronze Medal', 'Men -81 kg Final ~ Women -63 kg Victory Ceremony ~ Men -81 kg Victory Ceremony', 'Nippon Budokan', ' Tue 27 July 11:00 - 14:30', ' Tue 27 July 17:00 - 19:40', ' Tue 27 July 17:00 - 19:40', ' Tue 27 July 17:00 - 19:40'),
(272, 27, 'Women -70 kg Elimination Rounds ~ Women -70 kg Quarterfinals ~ Men -90 kg Elimination Rounds ~ Men -90 kg Quarterfinals', 'Women -70 kg Repechage ~ Women -70 kg Semifinals ~ Men -90 kg Repechage ~ Men -90 kg Semifinals', 'Women -70 kg Contests for Bronze Medal ~ Women -70 kg Final ~ Men -90 kg Contests for Bronze Medal', '', 'Nippon Budokan', 'Wed 28 July 11:00 - 14:30', 'Wed 28 July 17:00 - 19:40', 'Wed 28 July 17:00 - 19:40', 'Wed 28 July 17:00 - 19:40'),
(273, 27, 'Women -78 kg Elimination Rounds ~ Women -78 kg Quarterfinals ~ Men -100 kg Elimination Rounds ~ Men -100 kg Quarterfinals', 'Women -78 kg Repechage ~ Women -78 kg Semifinals ~ Men -100 kg Repechage ~ Men -100 kg Semifinals', 'Women -78 kg Contests for Bronze Medal ~ Women -78 kg Final ~ Men -100 kg Contests for Bronze Medal', 'Men -100 kg Final ~ Women -78 kg Victory Ceremony ~ Men -100 kg Victory Ceremony', 'Nippon Budokan', ' Thu 29 July 11:00 - 14:30', 'Thu 29 July 17:00 - 19:40', 'Thu 29 July 17:00 - 19:40', 'Thu 29 July 17:00 - 19:40'),
(274, 27, 'Women +78 kg Elimination Rounds ~ Women +78 kg Quarterfinals ~ Men +100 kg Elimination Rounds ~ Men +100 kg Quarterfinals', 'Women +78 kg Repechage ~ Women +78 kg Semifinals ~ Men +100 kg Repechage ~ Men +100 kg Semifinals', 'Women +78 kg Contests for Bronze Medal ~ Women +78 kg Final ~ Men +100 kg Contests for Bronze Medal', 'Men +100 kg Final ~ Women +78 kg Victory Ceremony ~ Men +100 kg Victory Ceremony', 'Nippon Budokan', ' Fri 30 July 11:00 - 14:30', 'Fri 30 July 17:00 - 19:40', 'Fri 30 July 17:00 - 19:40', 'Fri 30 July 17:00 - 19:40'),
(275, 27, 'Mixed Team Elimination rounds ~ Mixed Team Quarterfinals', 'Mixed Team Repechage ~ Mixed Team Semifinals', 'Mixed Team Match for Bronze Medal ~ Mixed Team Final ~ Mixed Team Victory Ceremony', '', 'Nippon Budokan', 'Sat 31 July 11:00 - 14:30', 'Sat 31 July 11:00 - 14:30', 'Sat 31 July 17:00 - 19:40', ''),
(276, 28, 'Women\'s Kata Elimination Round ~ Women\'s Kata Ranking Round ~ Men\'s Kumite -67 kg Elimination Round', 'Women\'s Kumite -55 kg Elimination Round ~ Women\'s Kata Bronze Medal Bouts ~ Women\'s Kata Final Bout ~ Men\'s Kumite -67 kg Semifinals', 'Women\'s Kumite -55 kg Semifinals ~ Men\'s Kumite -67 kg Final ~ Women\'s Kumite -55 kg Final', 'Women\'s Kata Victory Ceremony ~ Men\'s Kumite -67 kg Victory Ceremony ~ Women\'s Kumite -55 kg Victory Ceremony', 'Nippon Budokan', 'Thu 5 Aug. 10:00 - 14:45', ' Thu 5 Aug. 17:00 - 21:40', ' Thu 5 Aug. 17:00 - 21:40', ' Thu 5 Aug. 17:00 - 21:40'),
(277, 28, 'Men\'s Kata Elimination Round ~ Men\'s Kata Ranking Round ~ Women\'s Kumite -61 kg Elimination Round', 'Men\'s Kumite -75 kg Elimination Round ~ Men\'s Kata Bronze Medal Bouts ~ Men\'s Kata Final Bout ~ Women\'s Kumite -61 kg Semifinals', 'Men\'s Kumite -75 kg Semifinals ~ Women\'s Kumite -61 kg Final ~ Men\'s Kumite -75 kg Final', 'Men\'s Kata Victory Ceremony ~ Women\'s Kumite -61 kg Victory Ceremony ~ Men\'s Kumite -75 kg Victory Ceremony', 'Nippon Budokan', 'Fri 6 Aug. 10:00 - 14:45', 'Fri 6 Aug. 17:00 - 21:40', 'Fri 6 Aug. 17:00 - 21:40', 'Fri 6 Aug. 17:00 - 21:40'),
(278, 28, 'Women\'s Kumite +61 kg Elimination Round ~ Men\'s Kumite +75 kg Elimination Round', 'Women\'s Kumite +61 kg Semifinals ~ Men\'s Kumite +75 kg Semifinals', 'Women\'s Kumite +61 kg Final ~ Men\'s Kumite +75 kg Final', 'Women\'s Kumite +61 kg Victory Ceremony ~ Men\'s Kumite +75 kg Victory Ceremony', 'Nippon Budokan', 'Sat 7 Aug. 14:00 - 20:35', 'Sat 7 Aug. 14:00 - 20:35', 'Sat 7 Aug. 14:00 - 20:35', 'Sat 7 Aug. 14:00 - 20:35'),
(279, 29, 'Women\'s 10km', 'Women\'s Victory Ceremony', '', '', ' Odaiba Marine Park', 'Wed 4 Aug. 6:30 - 9:10', 'Wed 4 Aug. 6:30 - 9:10', '', ''),
(280, 29, 'Men\'s 10km', 'Men\'s Victory Ceremony', '', '', 'Odaiba Marine Park', 'Thu 5 Aug. 6:30 - 9:10', 'Thu 5 Aug. 6:30 - 9:10', '', ''),
(281, 30, 'Women\'s Fencing Ranking Round', 'Men\'s Fencing Ranking Round', '', '', 'Musashino Forest Sport Plaza', 'Thu 5 Aug. 13:00 - 19:30', 'Thu 5 Aug. 13:00 - 19:30', '', ''),
(282, 30, 'Women\'s Swimming', 'Women\'s Fencing Bonus Round', 'Women\'s Riding Show Jumping', 'Women\'s Laser Run ~ Women\'s Victory Ceremony', 'Tokyo Stadium', 'Fri 6 Aug. 14:30 - 20:15', 'Fri 6 Aug. 14:30 - 20:15', 'Fri 6 Aug. 14:30 - 20:15', 'Fri 6 Aug. 14:30 - 20:15'),
(283, 30, 'Men\'s Swimming', 'Men\'s Fencing Bonus Round', 'Men\'s Riding Show Jumping', 'Men\'s Laser Run ~ Men\'s Victory Ceremony', 'Tokyo Stadium', ' Sat 7 Aug. 14:30 - 20:15', ' Sat 7 Aug. 14:30 - 20:15', ' Sat 7 Aug. 14:30 - 20:15', ' Sat 7 Aug. 14:30 - 20:15'),
(284, 31, 'Individual All-Around Qualification', 'Individual All-Around Qualification', '', '', 'Ariake Gymnastics Centre', 'Fri 6 Aug. 10:20 - 13:15', 'Fri 6 Aug. 14:50 - 17:45', '', ''),
(285, 31, 'Group All-Around Qualification', 'Individual All-Around Final', 'Individual All-Around Victory Ceremony', '', 'Ariake Gymnastics Centre', 'Sat 7 Aug. 10:00 - 12:40', ' Sat 7 Aug. 15:20 - 18:00', ' Sat 7 Aug. 15:20 - 18:00', ''),
(286, 31, 'Group All-Around Final', 'Group All-Around Victory Ceremony', '', '', 'Ariake Gymnastics Centre', 'Sun 8 Aug. 11:00 - 12:55', 'Sun 8 Aug. 11:00 - 12:55', '', ''),
(287, 32, 'Men\'s Single Sculls Heats ~ Women\'s Single Sculls Heats', 'Men\'s Double Sculls Heats ~ Women\'s Double Sculls Heats', 'Men\'s Quadruple Sculls Heats ~ Women\'s Quadruple Sculls Heats', '', 'Sea Forest Waterway', ' Fri 23 July 8:30 - 12:10', ' Fri 23 July 8:30 - 12:10', ' Fri 23 July 8:30 - 12:10', ''),
(288, 32, 'Women\'s Single Sculls Repechages ~ Men\'s Single Sculls Repechages ~ Women\'s Double Sculls Repechage', 'Men\'s Double Sculls Repechage ~ Women\'s Pair Heats ~ Men\'s Pair Heats', 'Lightweight Women\'s Double Sculls Heats ~ Lightweight Men\'s Double Sculls Heats ~ Women\'s Four Heats Men\'s Four Heats', '', 'Sea Forest Waterway', 'Sat 24 July 8:30 - ', 'Sat 24 July 8:30 - ', 'Sat 24 July 8:30 - ', ''),
(289, 32, 'Men\'s Single Sculls Semifinals E/F ~ Women\'s Single Sculls Semifinals E/F ~ Men\'s Pair Repechage', 'Women\'s Pair Repechage ~ Lightweight Men\'s Double Sculls Repechages ~ Lightweight Women\'s Double Sculls Repechages', 'Men\'s Quadruple Sculls Repechage ~ Women\'s Quadruple Sculls Repechage ~ Men\'s Eight Heats Women\'s Eight Heats', '', 'Sea Forest Waterway', 'Sun 25 July 9:00 - 11:40', 'Sun 25 July 9:00 - 11:40', 'Sun 25 July 9:00 - 11:40', ''),
(290, 32, 'Women\'s Single Sculls Quarterfinals ~ Men\'s Single Sculls Quarterfinals', 'Women\'s Double Sculls Semifinals ~ Men\'s Double Sculls Semifinals', 'Women\'s Four Repechage ~ Men\'s Four Repechage', '', 'Sea Forest Waterway', 'Mon 26 July 9:00 - 11:20', 'Mon 26 July 9:00 - 11:20', 'Mon 26 July 9:00 - 11:20', ''),
(291, 32, 'Men\'s Single Sculls Semifinals C/D ~ Women\'s Single Sculls Semifinals C/D ~ Lightweight Men\'s Double Sculls Final C ~ Lightweight Women\'s Double Sculls Final C', 'Men\'s Quadruple Sculls Final B ~ Women\'s Quadruple Sculls Final B ~ Men\'s Quadruple Sculls Final A ~ Women\'s Quadruple Sculls Final A', 'Men\'s Quadruple Sculls Victory Ceremony ~ Men\'s Pair Semifinals A/B ~ Women\'s Quadruple Sculls Victory Ceremony ~ Women\'s Pair Semifinals A/B', 'Lightweight Men\'s Double Sculls Semifinals A/B ~ Lightweight Women\'s Double Sculls Semifinals A/B', 'Sea Forest Waterway', 'Tue 27 July 8:30 - 12:00', 'Tue 27 July 8:30 - 12:00', 'Tue 27 July 8:30 - 12:00', 'Tue 27 July 8:30 - 12:00'),
(292, 32, 'Women\'s Double Sculls Final B ~ Men\'s Double Sculls Final B ~ Women\'s Four Final B ~ Men\'s Four Final B', 'Women\'s Double Sculls Final A ~ Men\'s Double Sculls Final A ~ Women\'s Double Sculls Victory Ceremony ~ Women\'s Four Final A', 'Men\'s Double Sculls Victory Ceremony ~ Men\'s Four Finals A ~ Women\'s Four Victory Ceremony ~ Women\'s Eight Repechage', 'Men\'s Four Victory Ceremony ~ Men\'s Eight Repechage ~ Women\'s Single Sculls Semifinals A/B ~ Men\'s Single Sculls Semifinals A/B', 'Sea Forest Waterway', 'Wed 28 July 8:30 - 11:40', 'Wed 28 July 8:30 - 11:40', 'Wed 28 July 8:30 - 11:40', 'Wed 28 July 8:30 - 11:40'),
(293, 32, 'Men\'s Single Sculls Final F ~ Women\'s Single Sculls Final F ~ Men\'s Single Sculls Final E ~ Women\'s Single Sculls Final E', 'Men\'s Pair Final A ~ Women\'s Pair Final A ~ Men\'s Pair Victory Ceremony Lightweight ~ Men\'s Double Sculls Final A', 'Women\'s Pair Victory Ceremony ~ Lightweight Women\'s Double Sculls Final A ~ Lightweight Men\'s Double Sculls Victory Ceremony ~ Men\'s Pairs Final B', 'Lightweight Women\'s Double Sculls Victory Ceremony ~ Women\'s Pairs Final B ~ Lightweight Men\'s Double Sculls Final B ~ Lightweight Women\'s Double Sculls Final B ~ Women\'s Single Sculls Final D ~ Men\'s Single Sculls Final D', 'Sea Forest Waterway', 'Thu 29 July 8:30 - 11:50', 'Thu 29 July 8:30 - 11:50', 'Thu 29 July 8:30 - 11:50', 'Thu 29 July 8:30 - 11:50'),
(294, 32, 'Women\'s Single Sculls Final C ~ Men\'s Single Sculls Final C ~ Women\'s Single Sculls Final B ~ Men\'s Single Sculls Final B', 'Women\'s Single Sculls Final A ~ Men\'s Single Sculls Final A ~ Women\'s Single Sculls Victory Ceremony ~ Women\'s Eight Final A', 'Men\'s Single Sculls Victory Ceremony ~ Men\'s Eight Final A ~ Women\'s Eight Victory Ceremony ~ Men\'s Eight Victory Ceremony', '', 'Sea Forest Waterway', 'Fri 30 July 8:45 - 10:55', 'Fri 30 July 8:45 - 10:55', 'Fri 30 July 8:45 - 10:55', ''),
(295, 33, 'Men\'s Pool Round (6 matches)', 'Men\'s Pool Round (6 matches)', '', '', 'Tokyo Stadium', 'Mon 26 July 9:00 - 12:00', 'Mon 26 July 16:30 - 19:30', '', ''),
(296, 33, 'Men\'s Pool Round (6 matches)', 'Men\'s Placing 9-12 (2 matches)', 'Men\'s Quarter-finals (4 matches)', '', 'Tokyo Stadium', 'Tue 27 July 9:00 - 12:00', 'Tue 27 July 16:30 - 19:30', 'Tue 27 July 16:30 - 19:30', ''),
(297, 33, 'Men\'s Placing 11-12 ~ Men\'s Placing 9-10', 'Men\'s Placing 5-8 (2 matches) ~ Men\'s Semi-finals (2 matches)', 'Men\'s Placing 7-8 ~ Men\'s Placing 5-6', 'Men\'s Bronze Medal Match ~ Men\'s Gold Medal Match ~ Men\'s Victory Ceremony', 'Tokyo Stadium', 'Wed 28 July 9:00 - 12:00', 'Wed 28 July 9:00 - 12:00', 'Wed 28 July 16:30 - 19:00', 'Wed 28 July 16:30 - 19:00'),
(298, 33, 'Women\'s Pool Round (6 matches)', 'Women\'s Pool Round (6 matches)', '', '', 'Tokyo Stadium', 'Thu 29 July 9:00 - 12:00', 'Thu 29 July 16:30 - 19:30', '', ''),
(299, 33, 'Women\'s Pool Round (6 matches)', 'Women\'s Placing 9-12 (2 matches)', 'Women\'s Quarter-finals (4 matches)', '', 'Tokyo Stadium', 'Fri 30 July 9:00 - 12:00', 'Fri 30 July 16:30 - 19:30', 'Fri 30 July 16:30 - 19:30', ''),
(300, 33, 'Women\'s Placing 11-12 ~ Women\'s Placing 9-10', 'Women\'s Placing 5-8 (2 matches) ~ Women\'s Semi-finals (2 matches)', 'Women\'s Placing 7-8 ~ Women\'s Placing 5-6', 'Women\'s Bronze Medal Match ~ Women\'s Gold Medal Match ~ Women\'s Victory Ceremony', 'Tokyo Stadium', 'Sat 31 July 9:00 - 12:00', 'Sat 31 July 9:00 - 12:00', 'Sat 31 July 16:30 - 19:00', 'Sat 31 July 16:30 - 19:00'),
(301, 34, 'RS:X Men', 'RS:X Women', 'Laser Men', 'Laser Radial Women', 'Enoshima Yacht Harbour', 'Sun 25 July 12:00 - 18:00', 'Sun 25 July 12:00 - 18:00', 'Sun 25 July 12:00 - 18:00', 'Sun 25 July 12:00 - 18:00'),
(302, 34, 'RS:X Men', 'RS:X Women', 'Laser Men', 'Laser Radial Women', ' Enoshima Yacht Harbour', 'Mon 26 July 12:00 - 18:00', 'Mon 26 July 12:00 - 18:00', 'Mon 26 July 12:00 - 18:00', 'Mon 26 July 12:00 - 18:00'),
(303, 34, 'Laser Men ~ Laser Radial Women', 'Finn Men', '49er Men', '49er FX Women', 'Enoshima Yacht Harbour', 'Tue 27 July 12:00 - 18:00', 'Tue 27 July 12:00 - 18:00', 'Tue 27 July 12:00 - 18:00', 'Tue 27 July 12:00 - 18:00'),
(304, 32, 'RS:X Men ~ RS:X Women', 'Finn Men ~ 470 Men', '470 Women ~ 49er Men', '49er FX Women ~ Foiling Nacra 17 Mixed', 'Enoshima Yacht Harbour', 'Wed 28 July 12:00 - 18:00', 'Wed 28 July 12:00 - 18:00', 'Wed 28 July 12:00 - 18:00', 'Wed 28 July 12:00 - 18:00'),
(305, 34, 'RS:X Men ~ RS:X Women', 'Laser Men ~ Laser Radial Women', 'Finn Men ~ 470 Men', '470 Women ~ Foiling Nacra 17 Mixed', 'Enoshima Yacht Harbour', 'Thu 29 July 12:00 - 18:00', 'Thu 29 July 12:00 - 18:00', 'Thu 29 July 12:00 - 18:00', 'Thu 29 July 12:00 - 18:00'),
(306, 34, 'Laser Men ~ Laser Radial Women', '470 Men ~ 470 Women', '49er Men ~ 49er FX Women', '', 'Enoshima Yacht Harbour', 'Fri 30 July 12:00 - 18:00', 'Fri 30 July 12:00 - 18:00', 'Fri 30 July 12:00 - 18:00', ''),
(307, 34, 'Finn Men ~ 49er Men', '49er FX Women ~ Foiling Nacra 17 Mixed', 'RS:X Women - Medal Race ~ RS:X Men - Medal Race', 'RS:X Women - Victory Ceremony ~ RS:X Men - Victory Ceremony', 'Enoshima Yacht Harbour', 'Sat 31 July 12:00 - 18:00', 'Sat 31 July 12:00 - 18:00', 'Sat 31 July 12:00 - 18:00', 'Sat 31 July 12:00 - 18:00'),
(308, 34, 'Finn Men ~ 470 Men', '470 Women ~ Foiling Nacra 17 Mixed', 'Laser Men - Medal Race ~ Laser Radial Women - Medal Race', 'Laser Men - Victory Ceremony ~ Laser Radial Women - Victory Ceremony', 'Enoshima Yacht Harbour', 'Sun 1 Aug. 12:00 - 18:00', 'Sun 1 Aug. 12:00 - 18:00', 'Sun 1 Aug. 12:00 - 18:00', 'Sun 1 Aug. 12:00 - 18:00'),
(309, 34, '470 Men ~ 470 Women', '49er FX Women - Medal Race ~ 49er Men - Medal Race', '49er FX Women - Victory Ceremony ~ 49er Men - Victory Ceremony', '', 'Enoshima Yacht Harbour', 'Mon 2 Aug. 12:00 - 18:00', 'Mon 2 Aug. 12:00 - 18:00', 'Mon 2 Aug. 12:00 - 18:00', ''),
(310, 34, 'Finn Men - Medal Race', 'Foiling Nacra 17 Mixed - Medal Race', 'Finn Men - Victory Ceremony', 'Foiling Nacra 17 Mixed - Victory Ceremony', 'Enoshima Yacht Harbour', 'Tue 3 Aug. 14:30 - 16:55', 'Tue 3 Aug. 14:30 - 16:55', 'Tue 3 Aug. 14:30 - 16:55', 'Tue 3 Aug. 14:30 - 16:55'),
(311, 34, '470 Men - Medal Race', '470 Women - Medal Race', '470 Men - Victory Ceremony', '470 Women - Victory Ceremony', 'Enoshima Yacht Harbour', 'Wed 4 Aug. 14:30 - 16:55', 'Wed 4 Aug. 14:30 - 16:55', 'Wed 4 Aug. 14:30 - 16:55', 'Wed 4 Aug. 14:30 - 16:55'),
(312, 35, '10m Air Rifle Women\'s Qualification ~ 10m Air Rifle Women\'s Finals', '10m Air Rifle Women\'s Victory Ceremony ~ 10m Air Pistol Men\'s Qualification', '10m Air Pistol Men\'s Finals ~ 10m Air Pistol Men\'s Victory Ceremony', '', 'Asaka Shooting Range - R&P Qual.&Finals', 'Sat 24 July 8:30 - 16:30', 'Sat 24 July 8:30 - 16:30', 'Sat 24 July 8:30 - 16:30', ''),
(313, 35, 'Skeet Women\'s Qualification - Day 1', 'Skeet Men\'s Qualification - Day 1', '', '', 'Asaka Shooting Range - Shotgun Range', 'Sun 25 July 9:00 - 16:00', 'Sun 25 July 9:00 - 16:00', '', ''),
(314, 35, '10m Air Pistol Women\'s Qualification ~ 10m Air Pistol Women\'s Finals', '10m Air Pistol Women\'s Victory Ceremony ~ 10m Air Rifle Men\'s Qualification', '10m Air Rifle Men\'s Finals ~ 10m Air Rifle Men\'s Victory Ceremony', '', 'Asaka Shooting Range - R&P Qual.&Finals', 'Sun 25 July 9:00 - 16:30', 'Sun 25 July 9:00 - 16:30', 'Sun 25 July 9:00 - 16:30', ''),
(315, 35, 'Skeet Women\'s Qualification - Day 2 ~ Skeet Men\'s Qualification - Day 2', 'Skeet Women\'s Finals ~ Skeet Men\'s Finals', 'Skeet Women\'s Victory Ceremon ~ Skeet Men\'s Victory Ceremony', '', ' Asaka Shooting Range - Shotgun Range', '26 July 9:00 - 17:15', '26 July 9:00 - 17:15', '26 July 9:00 - 17:15', ''),
(316, 35, '10m Air Pistol Mixed Team Qualification ~ 10m Air Pistol Mixed Team Finals', '10m Air Pistol Mixed Team Victory Ceremony ~ 10m Air Rifle Mixed Team Qualification', '10m Air Rifle Mixed Team Finals ~ 10m Air Rifle Mixed Team Victory Ceremony', '', ' Asaka Shooting Range - R&P Qual.&Finals', 'Tue 27 July 9:00 - 16:30', 'Tue 27 July 9:00 - 16:30', 'Tue 27 July 9:00 - 16:30', ''),
(317, 35, 'Trap Women\'s Qualification - Day 1', 'Trap Men\'s Qualification - Day 1', '', '', 'Asaka Shooting Range - Shotgun Ran', 'Wed 28 July 9:00 - 16:00', 'Wed 28 July 9:00 - 16:00', '', ''),
(318, 35, '25m Pistol Women\'s Precision Stage', '', '', '', 'Asaka Shooting Range - R&P Finals Hall', 'Thu 29 July 9:00 - 12:45', '', '', ''),
(319, 35, 'Trap Women\'s Qualification - Day 2 ~ Trap Men\'s Qualification - Day 2', 'Trap Women\'s Finals ~ Trap Men\'s Finals', 'Trap Women\'s Victory Ceremony ~ Trap Men\'s Victory Ceremony', '', ' Asaka Shooting Range - Shotgun Range', 'Thu 29 July 9:00 - 16:55', 'Thu 29 July 9:00 - 16:55', 'Thu 29 July 9:00 - 16:55', ''),
(320, 35, '25m Pistol Women\'s Qualification', '25m Pistol Women\'s Finals', '25m Pistol Women\'s Victory Ceremony', '', 'Asaka Shooting Range - R&P Finals Hall', 'Fri 30 July 9:00 - 15:00', 'Fri 30 July 9:00 - 15:00', 'Fri 30 July 9:00 - 15:00', ''),
(321, 35, 'Trap Mixed Team Qualification', 'Trap Mixed Team Finals', 'Trap Mixed Team Victory Ceremony', '', 'Asaka Shooting Range - Shotgun Range', 'Sat 31 July 9:00 - 14:50', 'Sat 31 July 9:00 - 14:50', 'Sat 31 July 9:00 - 14:50', ''),
(322, 35, '50m Rifle 3 Positions Women\'s Qualification', '50m Rifle 3 Positions Women\'s Finals', '50m Rifle 3 Positions Women\'s Victory Ceremony', '', ' Asaka Shooting Range - R&P Qual.&Finals', 'Sat 31 July 12:00 - 17:10', 'Sat 31 July 12:00 - 17:10', 'Sat 31 July 12:00 - 17:10', ''),
(323, 35, '25m Rapid Fire Pistol Men\'s Qualification - Stage 1', '', '', '', 'Asaka Shooting Range - R&P Finals Hall', 'Sun 1 Aug. 8:30 - 13:15', '', '', ''),
(324, 35, '25m Rapid Fire Pistol Men\'s Qualification - Stage 2 ~ 50m Rifle 3 Positions Men\'s Qualification', '25m Rapid Fire Pistol Men\'s Finals ~ 25m Rapid Fire Pistol Men\'s Victory Ceremony', '50m Rifle 3 Positions Men\'s Finals ~ 50m Rifle 3 Positions Men\'s Victory Ceremony', '', ' Asaka Shooting Range - R&P Qual.&Finals', 'Mon 2 Aug. 8:30 - 18:00', 'Mon 2 Aug. 8:30 - 18:00', 'Mon 2 Aug. 8:30 - 18:00', ''),
(325, 36, 'Men\'s Street Prelims Heats', 'Men\'s Street Final', 'Men\'s Street Victory Ceremony', '', 'Ariake Urban Sports Park', 'Sun 25 July 9:00 - 13:55', 'Sun 25 July 9:00 - 13:55', 'Sun 25 July 9:00 - 13:55', ''),
(326, 36, 'Women\'s Street Prelims Heats', 'Women\'s Street Final', 'Women\'s Street Victory Ceremony', '', 'Ariake Urban Sports Park', ' Mon 26 July 9:00 - 13:55', ' Mon 26 July 9:00 - 13:55', ' Mon 26 July 9:00 - 13:55', ''),
(327, 36, 'Women\'s Park Prelims Heats', 'Women\'s Park Final', 'Women\'s Park Victory Ceremony', '', 'Ariake Urban Sports Park', 'Wed 4 Aug. 9:00 - 13:40', 'Wed 4 Aug. 9:00 - 13:40', 'Wed 4 Aug. 9:00 - 13:40', ''),
(328, 37, 'Men\'s Combined Qualification - Speed', 'Men\'s Combined Qualification - Bouldering', 'Men\'s Combined Qualification - Lead', '', 'Aomi Urban Sports Park', 'Tue 3 Aug. 17:00 - 22:40', 'Tue 3 Aug. 17:00 - 22:40', 'Tue 3 Aug. 17:00 - 22:40', ''),
(329, 37, 'Women\'s Combined Qualification - Speed', 'Women\'s Combined Qualification - Bouldering', 'Women\'s Combined Qualification - Lead', '', 'Aomi Urban Sports Park', ' Wed 4 Aug. 17:00 - 22:40', ' Wed 4 Aug. 17:00 - 22:40', ' Wed 4 Aug. 17:00 - 22:40', ''),
(330, 37, 'Men\'s Combined Final - Speed', 'Men\'s Combined Final - Bouldering', 'Men\'s Combined Final - Lead', 'Men\'s Combined Victory Ceremony', 'Aomi Urban Sports Park', 'Thu 5 Aug. 17:30 - 22:20', 'Thu 5 Aug. 17:30 - 22:20', 'Thu 5 Aug. 17:30 - 22:20', 'Thu 5 Aug. 17:30 - 22:20'),
(331, 37, 'Women\'s Combined Final - Speed', 'Women\'s Combined Final - Bouldering', 'Women\'s Combined Final - Lead', 'Women\'s Combined Victory Ceremony', 'Aomi Urban Sports Park', 'Fri 6 Aug. 17:30 - 22:20', 'Fri 6 Aug. 17:30 - 22:20', 'Fri 6 Aug. 17:30 - 22:20', 'Fri 6 Aug. 17:30 - 22:20'),
(332, 38, 'Men\'s Round 1 ~ Men\'s Round 2', 'Women\'s Round 1 ~ Women\'s Round 2', '*The competition schedule is subjected to change depending on the wave conditions. If conditions allow, the competition can be completed in four days, but it is possible that more time could be required. Because of this, the actual competition days for the Surfing events will be held with 4 days schedule during the Olympic Surfing Festival from 25 July to 1 August.', '', 'Tsurigasaki Surfing Beach', 'Sun 25 July 7:00 - 16:20', 'Sun 25 July 7:00 - 16:20', 'N/A', ''),
(333, 38, 'Women\'s Round 3', 'Men\'s Round 3', '*The competition schedule is subjected to change depending on the wave conditions. If conditions allow, the competition can be completed in four days, but it is possible that more time could be required. Because of this, the actual competition days for the Surfing events will be held with 4 days schedule during the Olympic Surfing Festival from 25 July to 1 August.', '', 'Tsurigasaki Surfing Beach', 'Mon 26 July 7:00 - 16:40', 'Mon 26 July 7:00 - 16:40', '', ''),
(334, 38, 'Men\'s Quarterfinals ~ Men\'s Semifinals', 'Women\'s Quarterfinals ~ Women\'s Semifinals', '*The competition schedule is subjected to change depending on the wave conditions. If conditions allow, the competition can be completed in four days, but it is possible that more time could be required. Because of this, the actual competition days for the Surfing events will be held with 4 days schedule during the Olympic Surfing Festival from 25 July to 1 August.', '', 'Tsurigasaki Surfing Beach', 'Tue 27 July 7:00 - 14:20', 'Tue 27 July 7:00 - 14:20', '', ''),
(335, 38, 'Women\'s Bronze medal match ~ Men\'s Bronze medal match', 'Women\'s Gold medal match ~ Men\'s Gold medal match', 'Women\'s Victory Ceremony ~ Men\'s Victory Ceremony', '*The competition schedule is subjected to change depending on the wave conditions. If conditions allow, the competition can be completed in four days, but it is possible that more time could be required. Because of this, the actual competition days for the Surfing events will be held with 4 days schedule during the Olympic Surfing Festival from 25 July to 1 August', 'Tsurigasaki Surfing Beach', 'Wed 28 July 8:00 - 11:35', 'Wed 28 July 8:00 - 11:35', 'Wed 28 July 8:00 - 11:35', ''),
(336, 38, 'Events from Fri 30 July to Sun 1 Aug. are to be announced ', '', '', '', 'Tsurigasaki Surfing Beach', '', '', '', ''),
(337, 39, 'Men\'s 400m Individual Medley - Heats ~ Women\'s 100m Butterfly - Heats', 'Men\'s 400m Freestyle - Heats ~ Women\'s 400m Individual Medley - Heats', 'Men\'s 100m Breaststroke - Heats ~ Women\'s 4 x 100m Freestyle Relay - Heats', '', 'Tokyo Aquatics Centre', 'Sat 24 July 19:00 - 21:30', 'Sat 24 July 19:00 - 21:30', 'Sat 24 July 19:00 - 21:30', ''),
(338, 39, 'Men\'s 400m Individual Medley Final ~ Women\'s 100m Butterfly Semifinals ~ Men\'s 400m Freestyle Final', 'Men\'s 400m Individual Medley Victory Ceremony ~ Women\'s 400m Individual Medley Final', 'Men\'s 400m Freestyle Victory Ceremony ~ Men\'s 100m Breaststroke Semifinals', 'Women\'s 4 x 100m Freestyle Relay Final ~ Women\'s 400m Individual Medley Victory Ceremony ~ Women\'s 4 x 100m Freestyle Relay Victory Ceremony', 'Tokyo Aquatics Centre', 'Sun 25 July 10:30 - 12:20', 'Sun 25 July 10:30 - 12:20', 'Sun 25 July 10:30 - 12:20', 'Sun 25 July 10:30 - 12:20'),
(339, 39, 'Women\'s 100m Backstroke - Heats ~ Men\'s 200m Freestyle - Heats', 'Women\'s 100m Breaststroke - Heats ~ Men\'s 100m Backstroke - Heats', 'Women\'s 400m Freestyle - Heats ~ Men\'s 4 x 100m Freestyle Relay - Heats', '', 'Tokyo Aquatics Centre', 'Sun 25 July 19:00 - 21:30', 'Sun 25 July 19:00 - 21:30', 'Sun 25 July 19:00 - 21:30', ''),
(340, 39, 'Women\'s 100m Butterfly Final ~ Men\'s 200m Freestyle Semifinals ~ Women\'s 100m Breaststroke Semifinals', 'Women\'s 100m Butterfly Victory Ceremony ~ Men\'s 100m Breaststroke Final ~ Women\'s 400m Freestyle Final', 'Men\'s 100m Backstroke Semifinals ~ Men\'s 100m Breaststroke Victory Ceremony ~ Women\'s 100m Backstroke Semifinals', 'Men\'s 4 x 100m Freestyle Relay Final ~ Women\'s 400m Freestyle Victory Ceremony ~ Men\'s 4 x 100m Freestyle Relay Victory Ceremony', 'Tokyo Aquatics Centre', 'Mon 26 July 10:30 - 12:40', 'Mon 26 July 10:30 - 12:40', 'Mon 26 July 10:30 - 12:40', 'Mon 26 July 10:30 - 12:40'),
(341, 39, 'Women\'s 200m Freestyle - Heats', 'Men\'s 200m Butterfly - Heats', 'Women\'s 200m Individual Medley - Heats', 'Women\'s 1500m Freestyle - Heats', 'Tokyo Aquatics Centre', ' Mon 26 July 19:00 - 21:30', ' Mon 26 July 19:00 - 21:30', ' Mon 26 July 19:00 - 21:30', ' Mon 26 July 19:00 - 21:30'),
(342, 39, 'Women\'s 200m Freestyle Semifinals ~ Men\'s 200m Freestyle Final ~ Women\'s 100m Backstroke Final', 'Men\'s 100m Backstroke Final ~ Men\'s 200m Freestyle Victory Ceremony ~ Women\'s 100m Breaststroke Final', 'Women\'s 100m Backstroke Victory Ceremony ~ Men\'s 200m Butterfly Semifinals ~ Men\'s 100m Backstroke Victory Ceremony', 'Women\'s 200m Individual Medley Semifinals ~ Women\'s 100m Breaststroke Victory Ceremony', 'Tokyo Aquatics Centre', ' Tue 27 July 10:30 - 12:25', ' Tue 27 July 10:30 - 12:25', ' Tue 27 July 10:30 - 12:25', ' Tue 27 July 10:30 - 12:25'),
(343, 39, 'Men\'s 100m Freestyle - Heats', 'Women\'s 200m Butterfly - Heats', 'Men\'s 200m Breaststroke - Heats', 'Men\'s 4 x 200m Freestyle Relay - Heats ~ Men\'s 800m Freestyle - Heats', 'Tokyo Aquatics Centre', 'Tue 27 July 19:00 - 21:30', 'Tue 27 July 19:00 - 21:30', 'Tue 27 July 19:00 - 21:30', 'Tue 27 July 19:00 - 21:30'),
(344, 39, 'Men\'s 100m Freestyle Semifinals ~ Women\'s 200m Freestyle Final ~ Men\'s 200m Butterfly Final', 'Women\'s 200m Butterfly Semifinals ~ Women\'s 200m Freestyle Victory Ceremony ~ Men\'s 200m Breaststroke Semifinals', 'Men\'s 200m Butterfly Victory Ceremony ~ Women\'s 200m Individual Medley Final ~ Women\'s 1500m Freestyle Final', 'Women\'s 200m Individual Medley Victory Ceremony ~ Men\'s 4 x 200m Freestyle Relay Final ~ Women\'s 1500m Freestyle Victory Ceremony ~ Men\'s 4 x 200m Freestyle Victory Ceremony', 'Tokyo Aquatics Centre', 'Wed 28 July 10:30 - 13:05', 'Wed 28 July 10:30 - 13:05', 'Wed 28 July 10:30 - 13:05', 'Wed 28 July 10:30 - 13:05'),
(345, 39, 'Women\'s 100m Freestyle - Heats', 'Men\'s 200m Backstroke - Heats', 'Women\'s 200m Breaststroke - Heats', 'Men\'s 200m Individual Medley - Heats ~ Women\'s 4 x 200m Freestyle Relay - Heats', 'Tokyo Aquatics Centre', 'Wed 28 July 19:00 - 21:30', 'Wed 28 July 19:00 - 21:30', 'Wed 28 July 19:00 - 21:30', 'Wed 28 July 19:00 - 21:30'),
(346, 39, 'Men\'s 800m Freestyle Final ~ Men\'s 200m Breaststroke Final ~ Women\'s 100m Freestyle Semifinals', 'Men\'s 200m Backstroke Semifinals ~ Men\'s 800m Freestyle Victory Ceremony ~ Women\'s 200m Butterfly Final', 'Men\'s 100m Freestyle Final ~ Men\'s 200m Breaststroke Victory Ceremony ~ Women\'s 200m Breaststroke Semifinals ~ Men\'s 200m Individual Medley Semifinals', 'Women\'s 200m Butterfly Victory Ceremony ~ Women\'s 4 x 200m Freestyle Relay Final ~ Men\'s 100m Freestyle Victory Ceremony ~ Women\'s 4 x 200m Freestyle Relay Victory Ceremony', 'Tokyo Aquatics Centre', ' Thu 29 July 10:30 - 13:10', ' Thu 29 July 10:30 - 13:10', ' Thu 29 July 10:30 - 13:10', ' Thu 29 July 10:30 - 13:10'),
(347, 39, 'Women\'s 800m Freestyle - Heats', 'Men\'s 100m Butterfly - Heats', 'Women\'s 200m Backstroke - Heats', 'Mixed 4 x 100m Medley Relay - Heats', 'Tokyo Aquatics Centre', 'Thu 29 July 19:00 - 21:30', 'Thu 29 July 19:00 - 21:30', 'Thu 29 July 19:00 - 21:30', 'Thu 29 July 19:00 - 21:30'),
(348, 39, 'Men\'s 100m Butterfly Semifinals ~ Women\'s 200m Breaststroke Final ~ Men\'s 200m Backstroke Final', 'Women\'s 100m Freestyle Final ~ Women\'s 200m Breaststroke Victory Ceremony ~ Men\'s 200m Individual Medley Final', 'Men\'s 200m Backstroke Victory Ceremony ~ Women\'s 200m Backstroke Semifinals ', ' Women\'s 100m Freestyle Victory Ceremony ~ Men\'s 200m Individual Medley Victory Ceremony', 'Tokyo Aquatics Centre', 'Fri 30 July 10:30 - 12:10', 'Fri 30 July 10:30 - 12:10', 'Fri 30 July 10:30 - 12:10', 'Fri 30 July 10:30 - 12:10'),
(349, 39, 'Men\'s 50m Freestyle - Heats', 'Women\'s 50m Freestyle - Heats', 'Men\'s 1500m Freestyle - Heats', 'Women\'s 4 x 100m Medley Relay - Heats ~ Men\'s 4 x 100m Medley Relay - Heat', 'Tokyo Aquatics Centre', 'Fri 30 July 19:00 - 21:30', 'Fri 30 July 19:00 - 21:30', 'Fri 30 July 19:00 - 21:30', 'Fri 30 July 19:00 - 21:30');
INSERT INTO `information` (`info_id`, `e_id`, `details`, `details_1`, `details_2`, `details_3`, `venue`, `date_time1`, `date_time2`, `date_time3`, `date_time4`) VALUES
(350, 39, 'Men\'s 100m Butterfly Final ~ Women\'s 200m Backstroke Final', 'Women\'s 800m Freestyle Final ~ Men\'s 100m Butterfly Victory Ceremony', 'Men\'s 50m Freestyle Semifinals ~ Women\'s 200m Backstroke Victory Ceremony ~Women\'s 50m Freestyle Semifinals', 'Mixed 4 x 100m Medley Relay Final ~ Women\'s 800m Freestyle Victory Ceremony ~ Mixed 4 x 100m Medley Relay Victory Ceremony', 'Tokyo Aquatics Centre', 'Sat 31 July 10:30 - 12:20', 'Sat 31 July 10:30 - 12:20', 'Sat 31 July 10:30 - 12:20', 'Sat 31 July 10:30 - 12:20'),
(351, 39, 'Men\'s 50m Freestyle Final ~ Women\'s 50m Freestyle Final ~ Men\'s 1500m Freestyle Final', 'Men\'s 50m Freestyle Victory Ceremony ~ Women\'s 4 x 100m Medley Relay Final ~ Women\'s 50m Freestyle Victory Ceremony', 'Men\'s 4 x 100m Medley Relay Final ~ Men\'s 1500m Freestyle Victory Ceremony', 'Women\'s 4 x 100m Medley Relay Victory Ceremony ~ Men\'s 4 x 100m Medley Relay Victory Ceremony', 'Tokyo Aquatics Centre', 'Sun 1 Aug. 10:30 - 12:25', 'Sun 1 Aug. 10:30 - 12:25', 'Sun 1 Aug. 10:30 - 12:25', 'Sun 1 Aug. 10:30 - 12:25'),
(352, 40, 'Men\'s Singles Preliminary Round ~ Women\'s Singles Preliminary Round ~ Mixed Doubles Round of 16', 'Men\'s Singles Round 1 ~ Women\'s Singles Round 1', 'Men\'s Singles Round 1 ~ Women\'s Singles Round 1', '', 'Tokyo Metropolitan Gymnasium', 'Sat 24 July 9:00 - 12:45', 'Sat 24 July 14:15 - 17:15', 'Sat 24 July 19:30 - 22:30', ''),
(353, 40, 'Mixed Doubles Quarterfinals', 'Men\'s Singles Round 2 ~ Women\'s Singles Round 2', 'Mixed Doubles Semifinals', '', 'Tokyo Metropolitan Gymnasium', 'Sun 25 July 10:00 - 12:00', ' Sun 25 July 14:00 - 17:45', ' Sun 25 July 20:00 - 22:00', ''),
(354, 40, 'Men\'s Singles Round 2 ~ Women\'s Singles Round 2', 'Men\'s Singles Round 3 ~ Women\'s Singles Round 3', 'Mixed Doubles Bronze Medal Match ~ Mixed Doubles Gold Medal Match ~ Mixed Doubles Victory Ceremony', '', 'Tokyo Metropolitan Gymnasium', ' Mon 26 July 10:00 - 13:00', 'Mon 26 July 14:30 - 17:30', ' Mon 26 July 20:00 - 22:10', ''),
(355, 40, 'Men\'s Singles Round 3 ~ Women\'s Singles Round 3', 'Men\'s Singles Round 3 ~ Women\'s Singles Round 3 ~ Men\'s Singles Round of 16 ~ Women\'s Singles Round of 16', 'Men\'s Singles Round of 16 ~ Women\'s Singles Round of 16', '', 'Tokyo Metropolitan Gymnasium', 'Tue 27 July 10:00 - 13:00', 'Tue 27 July 14:30 - 17:30', 'Tue 27 July 19:30 - 22:30', ''),
(356, 40, 'Women\'s Singles Quarterfinals ~ Men\'s Singles Quarterfinals', 'Women\'s Singles Quarterfinals ~ Men\'s Singles Quarterfinals', 'Men\'s Singles Quarterfinals', '', 'Tokyo Metropolitan Gymnasium', 'Wed 28 July 10:00 - 13:00', 'Wed 28 July 15:00 - 18:00', 'Wed 28 July 20:00 - 22:00', ''),
(357, 40, 'Women\'s Singles Semifinals', 'Men\'s Singles Semifinals', 'Women\'s Singles Bronze Medal Match ~ Women\'s Singles Gold Medal Match ~ Women\'s Singles Victory Ceremony', '', 'Tokyo Metropolitan Gymnasium', 'Thu 29 July 11:00 - 13:00', 'Thu 29 July 15:00 - 17:00', 'Thu 29 July 20:00 - 22:10', ''),
(358, 40, 'Men\'s Singles Bronze Medal Match', 'Men\'s Singles Gold Medal Match', 'Men\'s Singles Victory Ceremony', '', 'Tokyo Metropolitan Gymnasium', ' Fri 30 July 20:00 - 22:10', ' Fri 30 July 20:00 - 22:10', ' Fri 30 July 20:00 - 22:10', ''),
(359, 40, 'Men\'s Team Round of 16 ~ Women\'s Team Round of 16', 'Men\'s Team Round of 16 ~ Women\'s Team Round of 16', 'Men\'s Team Round of 16 ~ Women\'s Team Round of 16', '', 'Tokyo Metropolitan Gymnasium', 'Sun 1 Aug. 10:00 - 13:00', 'Sun 1 Aug. 14:30 - 17:30', 'Sun 1 Aug. 19:30 - 22:30', ''),
(360, 40, 'Men\'s Team Round of 16 ~ Women\'s Team Round of 16', 'Men\'s Team Quarterfinals ~ Women\'s Team Quarterfinals', 'Men\'s Team Quarterfinals ~ Women\'s Team Quarterfinals', '', 'Tokyo Metropolitan Gymnasium', 'Mon 2 Aug. 10:00 - 13:00', 'Mon 2 Aug. 14:30 - 17:30', 'Mon 2 Aug. 19:30 - 22:30', ''),
(361, 40, 'Men\'s Team Quarterfinals ~ Women\'s Team Quarterfinals', 'Men\'s Team Quarterfinals ~ Women\'s Team Quarterfinals', 'Women\'s Team Semifinals', '', 'Tokyo Metropolitan Gymnasium', 'Tue 3 Aug. 10:00 - 13:00', 'Tue 3 Aug. 14:30 - 17:30', 'Tue 3 Aug. 19:30 - 22:30', ''),
(362, 40, 'Women\'s Team Semifinals', 'Men\'s Team Semifinals', 'Men\'s Team Semifinals', '', 'Tokyo Metropolitan Gymnasium', ' Wed 4 Aug. 10:00 - 13:00', 'Wed 4 Aug. 14:30 - 17:30', 'Wed 4 Aug. 19:30 - 22:30', ''),
(363, 40, 'Women\'s Team Bronze Medal Team Match', 'Women\'s Team Gold Medal Team Match ~ Women\'s Team Victory Ceremony', '', '', 'Tokyo Metropolitan Gymnasium', 'Thu 5 Aug. 11:00 - 14:00', 'Thu 5 Aug. 19:30 - 22:40', '', ''),
(364, 40, 'Men\'s Team Bronze Medal Team Match', 'Men\'s Team Gold Medal Team Match ~ Men\'s Team Victory Ceremony', '', '', 'Tokyo Metropolitan Gymnasium', ' Fri 6 Aug. 11:00 - 14:00', 'Fri 6 Aug. 19:30 - 22:40', '', ''),
(365, 41, 'Women -49 kg Round of 16 (8 matches) ~ Men -58 kg Round of 16 (8 matches)', 'Women -49 kg Quarterfinals (4 matches) ~ Men -58 kg Quarterfinals (4 matches)', 'Women -49 kg Semifinals (2 matches) ~ Men -58 kg Semifinals (2 matches)', '', 'Makuhari Messe Hall A', 'Sat 24 July 10:00 - 17:00', 'Sat 24 July 10:00 - 17:00', 'Sat 24 July 10:00 - 17:00', ''),
(366, 41, 'Women -49 kg Repechages (2 matches) ~ Men -58 kg Repechages (2 matches)', 'Women -49 kg Bronze Medal Contests (2 matches) ~ Men -58 kg Bronze Medal Contests (2 matches)', 'Women -49 kg Gold Medal Contest ~ Men -58 kg Gold Medal Contest', 'Women -49 kg Victory Ceremony ~ Men -58 kg Victory Ceremony', 'Makuhari Messe Hall A', 'Sat 24 July 19:00 - 22:40', 'Sat 24 July 19:00 - 22:40', 'Sat 24 July 19:00 - 22:40', 'Sat 24 July 19:00 - 22:40'),
(367, 41, 'Women -57 kg Round of 16 (8 matches) ~ Men -68 kg Round of 16 (8 matches)', 'Women -57 kg Quarterfinals (4 matches) ~ Men -68 kg Quarterfinals (4 matches)', 'Women -57 kg Semifinals (2 matches) ~ Men -68 kg Semifinals (2 matches)', '', 'Makuhari Messe Hall A', 'Sun 25 July 10:00 - 17:00', 'Sun 25 July 10:00 - 17:00', 'Sun 25 July 10:00 - 17:00', ''),
(368, 41, 'Women -57 kg Repechages (2 matches) ~ Men -68 kg Repechages (2 matches)', 'Women -57 kg Bronze Medal Contests (2 matches) ~ Men -68 kg Bronze Medal Contests (2 matches)', 'Women -57 kg Gold Medal Contest ~ Men -68 kg Gold Medal Contest', 'Women -57 kg Victory Ceremony ~ Men -68 kg Victory Ceremony', 'Makuhari Messe Hall A', 'Sun 25 July 19:00 - 22:40', 'Sun 25 July 19:00 - 22:40', 'Sun 25 July 19:00 - 22:40', 'Sun 25 July 19:00 - 22:40'),
(369, 41, 'Women -67 kg Round of 16 (8 matches) ~ Men -80 kg Round of 16 (8 matches)', 'Women -67 kg Quarterfinals (4 matches) ~ Men -80 kg Quarterfinals (4 matches)', 'Women -67 kg Semifinals (2 matches) ~ Men -80 kg Semifinals (2 matches)', '', 'Makuhari Messe Hall A', 'Mon 26 July 10:00 - 17:00', 'Mon 26 July 10:00 - 17:00', 'Mon 26 July 10:00 - 17:00', ''),
(370, 41, 'Women -67 kg Repechages (2 matches) ~ Men -80 kg Repechages (2 matches)', 'Women -67 kg Bronze Medal Contests (2 matches) ~ Men -80 kg Bronze Medal Contests (2 matches)', 'Women -67 kg Gold Medal Contest ~ Men -80 kg Gold Medal Contest', 'Women -67 kg Victory Ceremony ~ Men -80 kg Victory Ceremony', 'Makuhari Messe Hall A', 'Mon 26 July 19:00 - 22:40', 'Mon 26 July 19:00 - 22:40', 'Mon 26 July 19:00 - 22:40', 'Mon 26 July 19:00 - 22:40'),
(371, 41, 'Women +67 kg Round of 16 (8 matches) ~ Men +80 kg Round of 16 (8 matches)', 'Women +67 kg Quarterfinals (4 matches) ~ Men +80 kg Quarterfinals (4 matches)', 'Women +67 kg Semifinals (2 matches) ~ Men +80 kg Semifinals (2 matches)', '', 'Makuhari Messe Hall A', 'Tue 27 July 10:00 - 17:00', 'Tue 27 July 10:00 - 17:00', 'Tue 27 July 10:00 - 17:00', ''),
(372, 41, 'Women +67 kg Repechages (2 matches) ~ Men +80 kg Repechages (2 matches)', 'Women +67 kg Bronze Medal Contests (2 matches) ~ Men +80 kg Bronze Medal Contests (2 matches)', 'Women +67 kg Gold Medal Contest ~ Men +80 kg Gold Medal Contest', 'Women +67 kg Victory Ceremony ~ Men +80 kg Victory Ceremony', 'Makuhari Messe Hall A', ' Tue 27 July 19:00 - 22:40', ' Tue 27 July 19:00 - 22:40', ' Tue 27 July 19:00 - 22:40', ' Tue 27 July 19:00 - 22:40'),
(373, 42, 'Men\'s Singles First Round ~ Women\'s Singles First Round', 'Men\'s Doubles First Round ~ Women\'s Doubles First Round', '*The above includes all possible events for this court. The final court assignments and order of play are subject to change up until the day of the session.', '', 'Ariake Tennis Park - Center Court', ' Sat 24 July 11:00 - 20:00', ' Sat 24 July 11:00 - 20:00', '', ''),
(374, 42, 'Men\'s Singles First Round ~ Women\'s Singles First Round', 'Men\'s Doubles First Round ~ Women\'s Doubles First Round', '*The above includes all possible events for this court. The final court assignments and order of play are subject to change up until the day of the session.', '', 'Ariake Tennis Park - Court 1', 'Sat 24 July 11:00 - 20:00', 'Sat 24 July 11:00 - 20:00', '', ''),
(375, 42, 'Men\'s Singles First Round ~ Women\'s Singles First Round', 'Men\'s Doubles First Round ~ Women\'s Doubles First Round', '*The above includes all possible events for this court. The final court assignments and order of play are subject to change up until the day of the session.', '', 'Ariake Tennis Park - Court 2', 'Sat 24 July 11:00 - 20:00', 'Sat 24 July 11:00 - 20:00', '', ''),
(376, 42, 'Men\'s Singles First Round ~ Women\'s Singles First Round', 'Men\'s Doubles First Round ~ Women\'s Doubles First Round', '*The above includes all possible events for this court. The final court assignments and order of play are subject to change up until the day of the session.', '', 'Ariake Tennis Park - Court 3-11', 'Sat 24 July 11:00 - 20:00', 'Sat 24 July 11:00 - 20:00', '', ''),
(377, 42, 'Men\'s Singles First Round Women\'s Singles First Round', 'Men\'s Doubles First Round Women\'s Doubles First Round', '*The above includes all possible events for this court. The final court assignments and order of play are subject to change up until the day of the session.', '', 'Ariake Tennis Park - Center Court', 'Sun 25 July 11:00 - 20:00', 'Sun 25 July 11:00 - 20:00', '', ''),
(378, 42, 'Men\'s Singles First Round ~ Women\'s Singles First Round', 'Men\'s Doubles First Round ~ Women\'s Doubles First Round', '*The above includes all possible events for this court. The final court assignments and order of play are subject to change up until the day of the session.', '', 'Ariake Tennis Park - Court 1', 'Sun 25 July 11:00 - 20:00', 'Sun 25 July 11:00 - 20:00', '', ''),
(379, 42, 'Men\'s Singles First Round ~ Women\'s Singles First Round', 'Men\'s Doubles First Round ~ Women\'s Doubles First Round', '*The above includes all possible events for this court. The final court assignments and order of play are subject to change up until the day of the session.', '', 'Ariake Tennis Park - Court 2', 'Sun 25 July 11:00 - 20:00', 'Sun 25 July 11:00 - 20:00', '', ''),
(380, 42, 'Men\'s Singles First Round ~ Women\'s Singles First Round', 'Men\'s Doubles First Round ~ Women\'s Doubles First Round', 'The above includes all possible events for this court. The final court assignments and order of play are subject to change up until the day of the session.', '', 'Ariake Tennis Park - Court 3-11', 'Sun 25 July 11:00 - 20:00', 'Sun 25 July 11:00 - 20:00', '', ''),
(381, 42, 'Men\'s Singles Second Round ~ Women\'s Singles Second Round', 'Men\'s Doubles Second Round ~ Women\'s Doubles Second Round', '*The above includes all possible events for this court. The final court assignments and order of play are subject to change up until the day of the session.', '', 'Ariake Tennis Park - Centre Court', 'Mon 26 July 11:00 - 20:00', 'Mon 26 July 11:00 - 20:00', '', ''),
(382, 42, 'Men\'s Singles Second Round ~ Women\'s Singles Second Round', 'Men\'s Doubles Second Round ~ Women\'s Doubles Second Round', '*The above includes all possible events for this court. The final court assignments and order of play are subject to change up until the day of the session.', '', 'Ariake Tennis Park - Court 1', 'Mon 26 July 11:00 - 20:00', 'Mon 26 July 11:00 - 20:00', '', ''),
(383, 42, 'Men\'s Singles Second Round ~ Women\'s Singles Second Round', 'Men\'s Doubles Second Round ~ Women\'s Doubles Second Round', '*The above includes all possible events for this court. The final court assignments and order of play are subject to change up until the day of the session.', '', 'Ariake Tennis Park - Court 2', 'Mon 26 July 11:00 - 20:00', 'Mon 26 July 11:00 - 20:00', '', ''),
(384, 42, 'Men\'s Singles Second Round ~ Women\'s Singles Second Round', 'Men\'s Doubles Second Round ~ Women\'s Doubles Second Round', '*The above includes all possible events for this court. The final court assignments and order of play are subject to change up until the day of the session.', '', 'Ariake Tennis Park - Court 3-11', 'Mon 26 July 11:00 - 20:00', 'Mon 26 July 11:00 - 20:00', '', ''),
(385, 42, 'Men\'s Singles Second Round ~ Women\'s Singles Third Round', 'Men\'s Doubles Quarterfinals ~ Women\'s Doubles Second Round/Quarterfinals', '*The above includes all possible events for this court. The final court assignments and order of play are subject to change up until the day of the session.', '', 'Ariake Tennis Park - Centre Court', ' Tue 27 July 11:00 - 20:00', ' Tue 27 July 11:00 - 20:00', '', ''),
(386, 42, 'Men\'s Singles Second Round ~ Women\'s Singles Third Round', 'Men\'s Doubles Quarterfinals ~ Women\'s Doubles Second Round/Quarterfinals', '*The above includes all possible events for this court. The final court assignments and order of play are subject to change up until the day of the session.', '', 'Ariake Tennis Park - Court 1', 'Tue 27 July 11:00 - 20:00', 'Tue 27 July 11:00 - 20:00', '', ''),
(387, 42, 'Men\'s Singles Second Round ~ Women\'s Singles Third Round', 'Men\'s Doubles Quarterfinals ~ Women\'s Doubles Second Round/Quarterfinals', 'The above includes all possible events for this court. The final court assignments and order of play are subject to change up until the day of the session.', '', 'Ariake Tennis Park - Court 2', 'Tue 27 July 11:00 - 20:00', 'Tue 27 July 11:00 - 20:00', '', ''),
(388, 42, 'Men\'s Singles Second Round ~ Women\'s Singles Third Round', 'Men\'s Doubles Quarterfinals ~ Women\'s Doubles Second Round/Quarterfinals', '*The above includes all possible events for this court. The final court assignments and order of play are subject to change up until the day of the session.', '', 'Ariake Tennis Park - Court 3-11', ' Tue 27 July 11:00 - 20:00', ' Tue 27 July 11:00 - 20:00', '', ''),
(389, 42, 'Men\'s Singles Third Round ~ Women\'s Singles Quarterfinals ~ Men\'s Doubles Semifinals', 'Women\'s Doubles Quarterfinals ~ Mixed Doubles First Round', '*The above includes all possible events for this court. The final court assignments and order of play are subject to change up until the day of the session.', '', 'Ariake Tennis Park - Center Court', 'Wed 28 July 11:00 - 20:00', 'Wed 28 July 11:00 - 20:00', '', ''),
(390, 42, 'Men\'s Singles Third Round ~ Women\'s Singles Quarterfinals', 'Men\'s Doubles Semifinals ~ Women\'s Doubles Quarterfinals ~ Mixed Doubles First Round', '*The above includes all possible events for this court. The final court assignments and order of play are subject to change up until the day of the session.', '', 'Ariake Tennis Park - Court 1', 'Wed 28 July 11:00 - 20:00', 'Wed 28 July 11:00 - 20:00', '', ''),
(391, 42, 'Men\'s Singles Third Round ~ Women\'s Singles Quarterfinals', 'Women\'s Doubles Quarterfinals ~ Mixed Doubles First Round', '*The above includes all possible events for this court. The final court assignments and order of play are subject to change up until the day of the session.', '', 'Ariake Tennis Park - Court 2', ' Wed 28 July 11:00 - 20:00', ' Wed 28 July 11:00 - 20:00', '', ''),
(392, 42, 'Men\'s Singles Third Round', 'Mixed Doubles First Round', '*The above includes all possible events for this court. The final court assignments and order of play are subject to change up until the day of the session.', '', 'Ariake Tennis Park - Court 3-11', 'Wed 28 July 11:00 - 20:00', 'Wed 28 July 11:00 - 20:00', '', ''),
(393, 42, 'Men\'s Singles Quarterfinals ~ Women\'s Singles Semifinals', 'Women\'s Doubles Semifinals ~ Mixed Doubles Quarterfinals', '*The above includes all possible events for this court. The final court assignments and order of play are subject to change up until the day of the session.', '', 'Ariake Tennis Park - Center Court', 'Thu 29 July 11:00 - 20:00', 'Thu 29 July 11:00 - 20:00', '', ''),
(394, 42, 'Men\'s Singles Quarterfinals ~ Women\'s Doubles Semifinals', 'Mixed Doubles Quarterfinals', '', '', 'Ariake Tennis Park - Court 1', 'Thu 29 July 11:00 - 20:00', 'Thu 29 July 11:00 - 20:00', '', ''),
(395, 42, 'Mixed Doubles Quarterfinals', '*The above includes all possible events for this court. The final court assignments and order of play are subject to change up until the day of the session.', '', '', 'Ariake Tennis Park - Court 2', 'Thu 29 July 11:00 - 20:00', '', '', ''),
(396, 42, 'Men\'s Singles Semifinals ~ Men\'s Doubles Gold Medal Match', 'Men\'s Doubles Victory Ceremony', '*The above includes all possible events for this court. The final court assignments and order of play are subject to change up until the day of the session.', '', 'Ariake Tennis Park - Center Court', 'Fri 30 July 12:00 - 20:00', 'Fri 30 July 12:00 - 20:00', '', ''),
(397, 0, 'Men\'s Doubles Bronze Medal Match', 'Mixed Doubles Semifinals', '*The above includes all possible events for this court. The final court assignments and order of play are subject to change up until the day of the session.', '', 'Ariake Tennis Park - Court 1', 'Fri 30 July 12:00 - 20:00', 'Fri 30 July 12:00 - 20:00', '', ''),
(398, 42, 'Men\'s Singles Bronze Medal Match ~ Women\'s Singles Bronze Medal Match', 'Women\'s Singles Gold Medal Match ~ Women\'s Singles Victory Ceremony', '*The above includes all possible events for this court. The final court assignments and order of play are subject to change up until the day of the session.', '', 'Ariake Tennis Park - Center Court', 'Sat 31 July 12:00 - 20:00', 'Sat 31 July 12:00 - 20:00', '', ''),
(399, 42, 'Women\'s Doubles Bronze Medal Match', 'Mixed Doubles Bronze Medal Match', '*The above includes all possible events for this court. The final court assignments and order of play are subject to change up until the day of the session.', '', 'Ariake Tennis Park - Court 1', 'Sat 31 July 12:00 - 20:00', 'Sat 31 July 12:00 - 20:00', '', ''),
(400, 42, 'Men\'s Singles Gold Medal Match ~ Men\'s Singles Victory Ceremony', 'Women\'s Doubles Gold Medal Match ~ Women\'s Doubles Victory Ceremony', 'Mixed Doubles Gold Medal Match ~ Mixed Doubles Victory Ceremony', '', 'Ariake Tennis Park - Center Court', 'Sun 1 Aug. 12:00 - 20:00', 'Sun 1 Aug. 12:00 - 20:00', 'Sun 1 Aug. 12:00 - 20:00', ''),
(401, 43, 'Women\'s Qualification', 'Women\'s Final', 'Women\'s Victory Ceremony', '', 'Ariake Gymnastics Centre', 'Fri 30 July 13:00 - 15:25', 'Fri 30 July 13:00 - 15:25', 'Fri 30 July 13:00 - 15:25', ''),
(402, 43, 'Men\'s Qualification', 'Men\'s Final', 'Men\'s Victory Ceremony', '', 'Ariake Gymnastics Centre', ' Sat 31 July 13:00 - 15:25', ' Sat 31 July 13:00 - 15:25', ' Sat 31 July 13:00 - 15:25', ''),
(403, 44, 'Men', 'Men\'s Victory Ceremony', '', '', 'Odaiba Marine Park', 'Mon 26 July 6:30 - 9:00', 'Mon 26 July 6:30 - 9:00', '', ''),
(404, 44, 'Women', 'Women\'s Victory Ceremony', '', '', 'Odaiba Marine Park', 'Tue 27 July 6:30 - 9:05', 'Tue 27 July 6:30 - 9:05', '', ''),
(405, 44, 'Mixed Relay ', 'Mixed Relay Victory Ceremony', '', '', 'Odaiba Marine Park', 'Sat 31 July 7:30 - 9:25', 'Sat 31 July 7:30 - 9:25', '', ''),
(406, 45, 'Men\'s Preliminary Round - Pool A, Italy vs Canada ~ Men\'s Preliminary Round - Pool B, Brazil vs Tunisia', 'Men\'s Preliminary Round - Pool B, ROC* vs Argentina ~ Men\'s Preliminary Round - Pool A, Japan vs Venezuela', 'Men\'s Preliminary Round - Pool A, Poland vs Islamic Rep. of Iran ~ Men\'s Preliminary Round - Pool B, United States vs France', '', 'Ariake Arena', 'Sat 24 July 9:00 - 12:50', 'Sat 24 July 14:20 - 18:10', 'Sat 24 July 19:40 - 23:30', ''),
(407, 45, 'Women\'s Preliminary Round - Pool B, ROC* vs Italy ~ Women\'s Preliminary Round - Pool B, United States vs Argentina', 'Women\'s Preliminary Round - Pool A, Serbia vs Dominican Rep.~ Women\'s Preliminary Round - Pool B, China vs Turkey', 'Women\'s Preliminary Round - Pool A, Japan vs Kenya ~ Women\'s Preliminary Round - Pool A, Brazil vs Republic of Korea', '', 'Ariake Arena', 'Sun 25 July 9:00 - 12:50', 'Sun 25 July 14:20 - 18:10', ' Sun 25 July 19:40 - 23:30', ''),
(408, 45, 'Men\'s Preliminary Round - Pool A, Islamic Rep. of Iran vs Venezuela ~ Men\'s Preliminary Round - Pool B, United States vs ROC*', 'Men\'s Preliminary Round - Pool A, Poland vs Italy ~ Men\'s Preliminary Round - Pool B, France vs Tunisia', 'Men\'s Preliminary Round - Pool A, Japan vs Canada ~ Men\'s Preliminary Round - Pool B, Brazil vs Argentina', '', ' Ariake Arena', 'Mon 26 July 9:00 - 12:50', 'Mon 26 July 14:20 - 18:10', 'Mon 26 July 19:40 - 23:30', ''),
(409, 45, 'Women\'s Preliminary Round - Pool B, ROC* vs Argentina ~ Women\'s Preliminary Round - Pool B, China vs United States', 'Women\'s Preliminary Round - Pool A, Japan vs Serbia ~ Women\'s Preliminary Round - Pool B, Italy vs Turkey', 'Women\'s Preliminary Round - Pool A, Brazil vs Dominican Rep. ~ Women\'s Preliminary Round - Pool A, Republic of Korea vs Kenya', '', 'Ariake Arena', 'Tue 27 July 9:00 - 12:50', 'Tue 27 July 14:20 - 18:10', 'Tue 27 July 19:40 - 23:30', ''),
(410, 45, 'Men\'s Preliminary Round - Pool A, Canada vs Islamic Rep. of Iran ~ Men\'s Preliminary Round - Pool B, United States vs Tunisia', 'Men\'s Preliminary Round - Pool B, Argentina vs France ~ Men\'s Preliminary Round - Pool A, Poland vs Venezuela', 'Men\'s Preliminary Round - Pool A, Japan vs Italy ~ Men\'s Preliminary Round - Pool B, Brazil vs ROC*', '', 'Ariake Arena', 'Wed 28 July 9:00 - 12:50', 'Wed 28 July 14:20 - 18:10', 'Wed 28 July 19:40 - 23:30', ''),
(411, 45, 'Women\'s Preliminary Round - Pool B, Italy vs Argentina ~ Women\'s Preliminary Round - Pool A, Republic of Korea vs Dominican Rep.', 'Women\'s Preliminary Round - Pool A, Serbia vs Kenya ~ Women\'s Preliminary Round - Pool B, China vs ROC*', 'Women\'s Preliminary Round - Pool A, Japan vs Brazil ~ Women\'s Preliminary Round - Pool B, United States vs Turkey', '', 'Ariake Arena', 'Thu 29 July 9:00 - 12:50', ' Thu 29 July 14:20 - 18:10', 'Thu 29 July 19:40 - 23:30', ''),
(412, 45, 'Men\'s Preliminary Round - Pool A, Canada vs Venezuela ~ Men\'s Preliminary Round - Pool B, Brazil vs United States', 'Men\'s Preliminary Round - Pool A, Japan vs Poland ~ Men\'s Preliminary Round - Pool B, Argentina vs Tunisia', 'Men\'s Preliminary Round - Pool A, Italy vs Islamic Rep. of Iran ~ Men\'s Preliminary Round - Pool B, ROC* vs France', '', 'Ariake Arena', 'Fri 30 July 9:00 - 12:50', ' Fri 30 July 14:20 - 18:10', 'Fri 30 July 19:40 - 23:30', ''),
(413, 45, 'Women\'s Preliminary Round - Pool A, Dominican Rep. vs Kenya ~ Women\'s Preliminary Round - Pool B, United States vs ROC*', 'Women\'s Preliminary Round - Pool B, Argentina vs Turkey ~ Women\'s Preliminary Round - Pool A, Serbia vs Brazil', 'Women\'s Preliminary Round - Pool A, Japan vs Republic of Korea ~ Women\'s Preliminary Round - Pool B, China vs Italy', '', 'Ariake Arena', 'Sat 31 July 9:00 - 12:50', 'Sat 31 July 14:20 - 18:10', 'Sat 31 July 19:40 - 23:30', ''),
(414, 45, 'Men\'s Preliminary Round - Pool A, Poland vs Canada ~ Men\'s Preliminary Round - Pool B, Brazil vs France', 'Men\'s Preliminary Round - Pool B, ROC* vs Tunisia ~ Men\'s Preliminary Round - Pool A, Italy vs Venezuela', 'Men\'s Preliminary Round - Pool A, Japan vs Islamic Rep. of Iran ~ Men\'s Preliminary Round - Pool B, United States vs Argentina', '', 'Ariake Arena', 'Sun 1 Aug. 9:00 - 12:50', 'Sun 1 Aug. 14:20 - 18:10', ' Sun 1 Aug. 19:40 - 23:30', ''),
(415, 45, 'Women\'s Preliminary Round - Pool A, Serbia vs Republic of Korea ~ Women\'s Preliminary Round - Pool B, United States vs Italy', 'Women\'s Preliminary Round - Pool B, ROC* vs Turkey ~ Women\'s Preliminary Round - Pool B, China vs Argentina', 'Women\'s Preliminary Round - Pool A, Japan vs Dominican Rep. ~ Women\'s Preliminary Round - Pool A, Brazil vs Kenya', '', 'Ariake Arena', ' Mon 2 Aug. 9:00 - 12:50', 'Mon 2 Aug. 14:20 - 18:10', ' Mon 2 Aug. 19:40 - 23:30', ''),
(416, 45, 'Men\'s Quarterfinal', 'Men\'s Quarterfinal', 'Men\'s Quarterfinal', 'Men\'s Quarterfinal', 'Ariake Arena', 'Tue 3 Aug. 9:00 - 11:00', 'Tue 3 Aug. 13:00 - 15:00', 'Tue 3 Aug. 17:00 - 19:00', 'Tue 3 Aug. 21:30 - 23:30'),
(417, 45, 'Women\'s Quarterfinal', 'Women\'s Quarterfinal', 'Women\'s Quarterfinal', 'Women\'s Quarterfinal', 'Ariake Arena', 'Wed 4 Aug. 9:00 - 11:00', ' Wed 4 Aug. 13:00 - 15:00', 'Wed 4 Aug. 17:00 - 19:00', 'Wed 4 Aug. 21:30 - 23:30'),
(418, 45, 'Men\'s Semifinal', 'Men\'s Semifinal', '', '', 'Ariake Arena', 'Thu 5 Aug. 13:00 - 15:00', 'Thu 5 Aug. 21:00 - 23:00', '', ''),
(419, 45, 'Women\'s Semifinal', 'Women\'s Semifinal', '', '', 'Ariake Arena', ' Fri 6 Aug. 13:00 - 15:00', ' Fri 6 Aug. 21:00 - 23:00', '', ''),
(420, 45, 'Men\'s Bronze Medal Match', 'Men\'s Gold Medal Match', 'Men\'s Victory Ceremony', '', 'Ariake Arena', 'Sat 7 Aug. 13:30 - 15:30', 'Sat 7 Aug. 21:15 - 23:45', 'Sat 7 Aug. 21:15 - 23:45', ''),
(421, 45, 'Women\'s Bronze Medal Match', 'Women\'s Gold Medal Match', 'Women\'s Victory Ceremony', '', 'Ariake Arena', 'Sun 8 Aug. 9:00 - 11:00', 'Sun 8 Aug. 13:30 - 16:00', 'Sun 8 Aug. 13:30 - 16:00', ''),
(422, 46, 'Women\'s Preliminary Round - Group B, Japan vs United States ~ Women\'s Preliminary Round - Group A, Canada vs Australia', 'Women\'s Preliminary Round - Group A, South Africa vs Spain ~ Women\'s Preliminary Round - Group B, China vs ROC*', '', '', 'Tatsumi Water Polo Centre', 'Sat 24 July 14:00 - 16:50', 'Sat 24 July 18:20 - 21:10', '', ''),
(423, 46, 'Men\'s Preliminary Round - Group A, South Africa vs Italy ~ Men\'s Preliminary Round - Group A, Hungary vs Greece', 'Men\'s Preliminary Round - Group A, United States vs Japan ~ Men\'s Preliminary Round - Group B, Australia vs Montenegro', 'Men\'s Preliminary Round - Group B, Serbia vs Spain ~ Men\'s Preliminary Round - Group B, Croatia vs Kazakhstan', '', 'Tatsumi Water Polo Centre', 'Sun 25 July 10:00 - 12:50', 'Sun 25 July 14:00 - 16:50', 'Sun 25 July 18:20 - 21:10', ''),
(424, 46, 'Women\'s Preliminary Round - Group B, United States vs China ~ Women\'s Preliminary Round - Group B, ROC* vs Hungary', 'Women\'s Preliminary Round - Group A, Australia vs Netherlands ~ Women\'s Preliminary Round - Group A, Spain vs Canada', '', '', ' Tatsumi Water Polo Centre', 'Mon 26 July 14:00 - 16:50', ' Mon 26 July 18:20 - 21:10', '', ''),
(425, 46, 'Men\'s Preliminary Round - Group A, South Africa vs United States ~ Men\'s Preliminary Round - Group B, Montenegro vs Spain', 'Men\'s Preliminary Round - Group B, Kazakhstan vs Serbia ~ Men\'s Preliminary Round - Group A, Italy vs Greece', 'Men\'s Preliminary Round - Group A, Japan vs Hungary ~ Men\'s Preliminary Round - Group B, Australia vs Croatia', '', 'Tatsumi Water Polo Centre', 'Tue 27 July 10:00 - 12:50', 'Tue 27 July 14:00 - 16:50', 'Tue 27 July 18:20 - 21:10', ''),
(426, 46, 'Women\'s Preliminary Round - Group B, Hungary vs United States ~ Women\'s Preliminary Round - Group A, Canada vs South Africa', 'Women\'s Preliminary Round - Group B, China vs Japan ~ Women\'s Preliminary Round - Group A, Netherlands vs Spain', '', '', 'Tatsumi Water Polo Centre', ' Wed 28 July 14:00 - 16:50', 'Wed 28 July 18:20 - 21:10', '', ''),
(427, 46, 'Men\'s Preliminary Round - Group A, Hungary vs South Africa ~ Men\'s Preliminary Round - Group B, Spain vs Kazakhstan', 'Men\'s Preliminary Round - Group A, United States vs Italy ~ Men\'s Preliminary Round - Group B, Croatia vs Montenegro', 'Men\'s Preliminary Round - Group A, Greece vs Japan ~ Men\'s Preliminary Round - Group B, Serbia vs Australia', '', 'Tatsumi Water Polo Centre', 'Thu 29 July 10:00 - 12:50', 'Thu 29 July 14:00 - 16:50', 'Thu 29 July 18:20 - 21:10', ''),
(428, 46, 'Women\'s Preliminary Round - Group A, South Africa vs Netherlands ~ Women\'s Preliminary Round - Group B, United States vs ROC*', 'Women\'s Preliminary Round - Group B, Japan vs Hungary ~ Women\'s Preliminary Round - Group A, Spain vs Australia', '', '', ' Tatsumi Water Polo Centre', 'Fri 30 July 14:00 - 16:50', 'Fri 30 July 18:20 - 21:10', '', ''),
(429, 46, 'Men\'s Preliminary Round - Group B, Montenegro vs Kazakhstan ~ Men\'s Preliminary Round - Group B, Australia vs Spain', 'Men\'s Preliminary Round - Group A, United States vs Hungary ~ Men\'s Preliminary Round - Group B, Croatia vs Serbia', 'Men\'s Preliminary Round - Group A, Italy vs Japan ~ Men\'s Preliminary Round - Group A, South Africa vs Greece', '', 'Tatsumi Water Polo Centre', 'Sat 31 July 10:00 - 12:50', 'Sat 31 July 14:00 - 16:50', ' Sat 31 July 18:20 - 21:10', ''),
(430, 46, 'Women\'s Preliminary Round - Group B, Hungary vs China ~ Women\'s Preliminary Round - Group A, Netherlands vs Canada', 'Women\'s Preliminary Round - Group B, ROC* vs Japan ~ Women\'s Preliminary Round - Group A, Australia vs South Africa', '', '', 'Tatsumi Water Polo Centre', 'Sun 1 Aug. 14:00 - 16:50', 'Sun 1 Aug. 18:20 - 21:10', '', ''),
(431, 46, 'Men\'s Preliminary Round - Group A, Hungary vs Italy ~ Men\'s Preliminary Round - Group A, Greece vs United States', 'Men\'s Preliminary Round - Group B, Serbia vs Montenegro ~ Men\'s Preliminary Round - Group B, Spain vs Croatia', 'Men\'s Preliminary Round - Group A, Japan vs South Africa ~ Men\'s Preliminary Round - Group B, Australia vs Kazakhstan', '', 'Tatsumi Water Polo Centre', 'Mon 2 Aug. 10:00 - 12:50', 'Mon 2 Aug. 14:00 - 16:50', 'Mon 2 Aug. 18:20 - 21:10', ''),
(432, 46, 'Women\'s Quarterfinals (2 matches)', 'Women\'s Quarterfinals (2 matches)', '', '', 'Tatsumi Water Polo Centre', 'Tue 3 Aug. 14:00 - 16:50', 'Tue 3 Aug. 18:20 - 21:10', '', ''),
(433, 46, 'Men\'s Quarterfinals (2 matches)', 'Men\'s Quarterfinals (2 matches)', '', '', 'Tatsumi Water Polo Centre', ' Wed 4 Aug. 14:00 - 16:50', 'Wed 4 Aug. 18:20 - 21:10', '', ''),
(434, 46, 'Women\'s Classification match (5th-8th places) ~ Women\'s Semifinal', 'Women\'s Classification match (5th-8th places) ~ Women\'s Semifinal', '', '', 'Tatsumi Water Polo Centre', ' Thu 5 Aug. 14:00 - 16:50', ' Thu 5 Aug. 18:20 - 21:10', '', ''),
(435, 46, 'Men\'s Classification match (5th-8th places) ~ Men\'s Semifinal', 'Men\'s Classification match (5th-8th places) ~ Men\'s Semifinal', '', '', 'Tatsumi Water Polo Centre', 'Fri 6 Aug. 14:00 - 16:50', 'Fri 6 Aug. 18:20 - 21:10', '', ''),
(436, 46, 'Women\'s classification match (7th-8th places) ~ Women\'s classification match (5th-6th places)', 'Women\'s Bronze Medal Match', 'Women\'s Gold Medal Match ~ Women\'s Victory Ceremony', '', 'Tatsumi Water Polo Centre', 'Sat 7 Aug. 9:30 - 12:20', 'Sat 7 Aug. 13:40 - 15:00', 'Sat 7 Aug. 16:30 - 18:20', ''),
(437, 46, 'Men\'s classification match (7th-8th places) ~ Men\'s classification match (5th-6th places)', 'Men\'s Bronze Medal Match', 'Men\'s Gold Medal Match ~ Men\'s Victory Ceremony', '', 'Tatsumi Water Polo Centre', 'Sun 8 Aug. 9:30 - 12:20', 'Sun 8 Aug. 13:40 - 15:00', 'Sun 8 Aug. 16:30 - 18:20', ''),
(438, 47, 'Women\'s 49 kg Group B', 'Women\'s 49 kg Group A ~ Women\'s 49 kg Victory Ceremony', '', '', 'Tokyo International Forum', ' Sat 24 July 9:50 - 12:00', ' Sat 24 July 13:50 - 16:00', '', ''),
(439, 47, 'Men\'s 61 kg Group B and Men\'s 67 kg Group B', 'Men\'s 61 kg Group A ~ Men\'s 61 kg Victory Ceremony', 'Men\'s 67 kg Group A ~ Men\'s 67 kg Victory Ceremony', '', 'Tokyo International Forum', 'Sun 25 July 11:50 - 14:00', ' Sun 25 July 15:50 - 18:00', 'Sun 25 July 19:50 - 22:00', ''),
(440, 47, 'Women\'s 55 kg Group B', 'Women\'s 55 kg Group A ~ Women\'s 55 kg Victory Ceremony', '', '', 'Tokyo International Forum', ' Mon 26 July 13:50 - 16:00', 'Mon 26 July 19:50 - 22:00', '', ''),
(441, 47, 'Women\'s 59 kg Group B and Women\'s 64 kg Group B', 'Women\'s 59 kg Group A ~ Women\'s 59 kg Victory Ceremony', 'Women\'s 64 kg Group A ~ Women\'s 64 kg Victory Ceremony', '', 'Tokyo International Forum', 'Tue 27 July 11:50 - 14:00', 'Tue 27 July 15:50 - 18:00', 'Tue 27 July 19:50 - 22:00', ''),
(442, 47, 'Men\'s 73 kg Group B', 'Men\'s 73 kg Group A ~ Men\'s 73 kg Victory Ceremony', '', '', 'Tokyo International Forum', 'Wed 28 July 13:50 - 16:00', 'Wed 28 July 19:50 - 22:00', '', ''),
(443, 47, 'Men\'s 81 kg Group B and Men\'s 96 kg Group B', 'Men\'s 81 kg Group A ~ Men\'s 81 kg Victory Ceremony', 'Men\'s 96 kg Group A ~ Men\'s 96 kg Victory Ceremony', '', 'Tokyo International Forum', ' Sat 31 July 11:50 - 14:00', 'Sat 31 July 15:50 - 18:00', 'Sat 31 July 19:50 - 22:00', ''),
(444, 47, 'Women\'s 76 kg Group B', 'Women\'s 76 kg Group A ~ Women\'s 76 kg Victory Ceremony', '', '', 'Tokyo International Forum', 'Sun 1 Aug. 13:50 - 16:00', 'Sun 1 Aug. 19:50 - 22:00', '', ''),
(445, 47, 'Women\'s 87 kg Group B and Women\'s +87 kg Group B', 'Women\'s 87 kg Group A ~ Women\'s 87 kg Victory Ceremony', 'Women\'s +87 kg Group A ~ Women\'s +87 kg Victory Ceremony', '', 'Tokyo International Forum', 'Mon 2 Aug. 11:50 - 14:00', 'Mon 2 Aug. 15:50 - 18:00', 'Mon 2 Aug. 19:50 - 22:00', ''),
(446, 47, 'Men\'s 109 kg Group B', 'Men\'s 109 kg Group A ~ Men\'s 109 kg Victory Ceremony', '', '', 'Tokyo International Forum', 'Tue 3 Aug. 13:50 - 16:00', 'Tue 3 Aug. 19:50 - 22:00', '', ''),
(447, 47, 'Men\'s +109 kg Group B', 'Men\'s +109 kg Group A ~ Men\'s +109 kg Victory Ceremony', '', '', 'Tokyo International Forum', 'Wed 4 Aug. 13:50 - 16:00', 'Wed 4 Aug. 19:50 - 22:00', '', ''),
(448, 48, 'Men\'s Greco-Roman 60 kg 1/8 Finals ~ Women\'s Freestyle 76 kg 1/8 Finals ~ Men\'s Greco-Roman 130 kg 1/8 Finals', 'Men\'s Greco-Roman 60 kg 1/4 Finals ~ Women\'s Freestyle 76 kg 1/4 Finals ~ Men\'s Greco-Roman 130 kg 1/4 Finals', 'Men\'s Greco-Roman 60 kg Semifinals ~ Men\'s Greco-Roman 130 kg Semifinals ~ Women\'s Freestyle 76 kg Semifinals', '', 'Makuhari Messe Hall A', 'Sun 1 Aug. 11:00 - 13:00', 'Sun 1 Aug. 11:00 - 13:00', 'Sun 1 Aug. 18:15 - 19:15', ''),
(449, 48, 'Men\'s Greco-Roman 60 kg Repechage ~ Women\'s Freestyle 76 kg Repechage ~ Men\'s Greco-Roman 130 kg Repechage', 'Men\'s Greco-Roman 77 kg 1/8 Finals ~ Women\'s Freestyle 68 kg 1/8 Finals ~ Men\'s Greco-Roman 97 kg 1/8 Finals', 'Men\'s Greco-Roman 77 kg 1/4 Finals ~ Women\'s Freestyle 68 kg 1/4 Finals ~ Men\'s Greco-Roman 97 kg 1/4 Finals', '', 'Makuhari Messe Hall A', 'Mon 2 Aug. 11:00 - 13:30', 'Mon 2 Aug. 11:00 - 13:30', 'Mon 2 Aug. 11:00 - 13:30', ''),
(450, 48, 'Men\'s Greco-Roman 77 kg Semifinals ~ Men\'s Greco-Roman 97 kg Semifinals ~ Women\'s Freestyle 68 kg Semifinals', 'Men\'s Greco-Roman 60 kg Bronze Medal Matches ~ Men\'s Greco-Roman 60 kg Final ~ Men\'s Greco-Roman 130 kg Bronze Medal Matches', 'Men\'s Greco-Roman 130 kg Final ~ Men\'s Greco-Roman 60 kg Victory Ceremony ~ Women\'s Freestyle 76 kg Bronze Medal Matches', 'Women\'s Freestyle 76 kg Final ~ Men\'s Greco-Roman 130 kg Victory Ceremony ~ Women\'s Freestyle 76 kg Victory Ceremony', 'Makuhari Messe Hall A', 'Mon 2 Aug. 18:15 - 22:00', 'Mon 2 Aug. 18:15 - 22:00', 'Mon 2 Aug. 18:15 - 22:00', 'Mon 2 Aug. 18:15 - 22:00'),
(451, 48, 'Men\'s Greco-Roman 77 kg Repechage ~ Women\'s Freestyle 68 kg Repechage ~ Men\'s Greco-Roman 97 kg Repechage', 'Men\'s Greco-Roman 67 kg 1/8 Finals ~ Women\'s Freestyle 62 kg 1/8 Finals ~ Men\'s Greco-Roman 87 kg 1/8 Finals', 'Men\'s Greco-Roman 67 kg 1/4 Finals ~ Women\'s Freestyle 62 kg 1/4 Finals ~ Men\'s Greco-Roman 87 kg 1/4 Finals', '', 'Makuhari Messe Hall A', 'Tue 3 Aug. 11:00 - 13:30', 'Tue 3 Aug. 11:00 - 13:30', 'Tue 3 Aug. 11:00 - 13:30', ''),
(452, 48, 'Men\'s Greco-Roman 67 kg Semifinals ~ Men\'s Greco-Roman 87 kg Semifinals ~ Women\'s Freestyle 62 kg Semifinals', 'Men\'s Greco-Roman 77 kg Bronze Medal Matches ~ Men\'s Greco-Roman 77 kg Final ~ Men\'s Greco-Roman 97 kg Bronze Medal Matches', 'Men\'s Greco-Roman 97 kg Final ~ Men\'s Greco-Roman 77 kg Victory Ceremony ~ Women\'s Freestyle 68 kg Bronze Medal Matches', 'Women\'s Freestyle 68 kg Final ~ Men\'s Greco-Roman 97 kg Victory Ceremony ~ Women\'s Freestyle 68 kg Victory Ceremony', 'Makuhari Messe Hall A', ' Tue 3 Aug. 18:15 - 22:00', ' Tue 3 Aug. 18:15 - 22:00', ' Tue 3 Aug. 18:15 - 22:00', ' Tue 3 Aug. 18:15 - 22:00'),
(453, 48, 'Men\'s Greco-Roman 67 kg Repechage ~ Women\'s Freestyle 62 kg Repechage ~ Men\'s Greco-Roman 87 kg Repechage', 'Men\'s Freestyle 57 kg 1/8 Finals ~ Women\'s Freestyle 57 kg 1/8 Finals ~ Men\'s Freestyle 86 kg 1/8 Finals', 'Men\'s Freestyle 57 kg 1/4 Finals ~ Women\'s Freestyle 57 kg 1/4 Finals ~ Men\'s Freestyle 86 kg 1/4 Finals', '', 'Makuhari Messe Hall A', 'Wed 4 Aug. 11:00 - 13:30', 'Wed 4 Aug. 11:00 - 13:30', 'Wed 4 Aug. 11:00 - 13:30', ''),
(454, 48, 'Men\'s Freestyle 57 kg Semifinals ~ Men\'s Freestyle 86 kg Semifinals ~ Women\'s Freestyle 57 kg Semifinals', 'Men\'s Greco-Roman 67 kg Bronze Medal Matches ~ Men\'s Greco-Roman 67 kg Final ~ Men\'s Greco-Roman 87 kg Bronze Medal Matches', 'Men\'s Greco-Roman 87 kg Final ~ Men\'s Greco-Roman 67 kg Victory Ceremony ~ Women\'s Freestyle 62 kg Bronze Medal Matches', 'Women\'s Freestyle 62 kg Final ~ Men\'s Greco-Roman 87 kg Victory Ceremony ~ Women\'s Freestyle 62 kg Victory Ceremony', 'Makuhari Messe Hall A', 'Wed 4 Aug. 18:15 - 22:00', 'Wed 4 Aug. 18:15 - 22:00', 'Wed 4 Aug. 18:15 - 22:00', 'Wed 4 Aug. 18:15 - 22:00'),
(455, 48, 'Men\'s Freestyle 57 kg Repechage ~ Women\'s Freestyle 57 kg Repechage ~ Men\'s Freestyle 86 kg Repechage', 'Men\'s Freestyle 74 kg 1/8 Finals ~ Women\'s Freestyle 53 kg 1/8 Finals ~ Men\'s Freestyle 125 kg 1/8 Finals', 'Men\'s Freestyle 74 kg 1/4 Finals ~ Women\'s Freestyle 53 kg 1/4 Finals ~ Men\'s Freestyle 125 kg 1/4 Finals', '', 'Makuhari Messe Hall A', 'Thu 5 Aug. 11:00 - 13:30', 'Thu 5 Aug. 11:00 - 13:30', 'Thu 5 Aug. 11:00 - 13:30', ''),
(456, 48, 'Men\'s Freestyle 74 kg Semifinals ~ Men\'s Freestyle 125 kg Semifinals ~ Women\'s Freestyle 53 kg Semifinals', 'Men\'s Freestyle 57 kg Bronze Medal Matches ~ Men\'s Freestyle 57 kg Final ~ Men\'s Freestyle 86 kg Bronze Medal Matches', 'Men\'s Freestyle 86 kg Final ~ Men\'s Freestyle 57 kg Victory Ceremony ~ Women\'s Freestyle 57 kg Bronze Medal Matches', 'Women\'s Freestyle 57 kg Final ~ Men\'s Freestyle 86 kg Victory Ceremony ~ Women\'s Freestyle 57 kg Victory Ceremony', 'Makuhari Messe Hall A', 'Thu 5 Aug. 18:15 - 22:00', 'Thu 5 Aug. 18:15 - 22:00', 'Thu 5 Aug. 18:15 - 22:00', 'Thu 5 Aug. 18:15 - 22:00'),
(457, 48, 'Men\'s Freestyle 74 kg Repechage ~ Women\'s Freestyle 53 kg Repechage ~ Men\'s Freestyle 125 kg Repechage', 'Men\'s Freestyle 65 kg 1/8 Finals ~ Women\'s Freestyle 50 kg 1/8 Finals ~ Men\'s Freestyle 97 kg 1/8 Finals', 'Men\'s Freestyle 65 kg 1/4 Finals ~ Women\'s Freestyle 50 kg 1/4 Finals ~ Men\'s Freestyle 97 kg 1/4 Finals', '', 'Makuhari Messe Hall A', 'Fri 6 Aug. 11:00 - 13:30', 'Fri 6 Aug. 11:00 - 13:30', 'Fri 6 Aug. 11:00 - 13:30', ''),
(458, 48, 'Men\'s Freestyle 65 kg Semifinals ~ Men\'s Freestyle 97 kg Semifinals ~ Women\'s Freestyle 50 kg Semifinals', 'Men\'s Freestyle 74 kg Bronze Medal Matches ~ Men\'s Freestyle 74 kg Final ~ Men\'s Freestyle 125 kg Bronze Medal Matches', 'Men\'s Freestyle 125 kg Final ~ Men\'s Freestyle 74 kg Victory Ceremony ~ Women\'s Freestyle 53 kg Bronze Medal Matches', 'Women\'s Freestyle 53 kg Final ~ Men\'s Freestyle 125 kg Victory Ceremony ~ Women\'s Freestyle 53 kg Victory Ceremony', 'Makuhari Messe Hall A', 'Fri 6 Aug. 18:15 - 22:00', 'Fri 6 Aug. 18:15 - 22:00', 'Fri 6 Aug. 18:15 - 22:00', 'Fri 6 Aug. 18:15 - 22:00'),
(459, 48, 'Men\'s Freestyle 65 kg Repechage ~ Women\'s Freestyle 50 kg Repechage ~ Men\'s Freestyle 97 kg Repechage', 'Men\'s Freestyle 65 kg Bronze Medal Matches ~ Men\'s Freestyle 65 kg Final ~ Men\'s Freestyle 97 kg Bronze Medal Matches', 'Men\'s Freestyle 97 kg Final ~ Men\'s Freestyle 65 kg Victory Ceremony ~ Women\'s Freestyle 50 kg Bronze Medal Matches', 'Women\'s Freestyle 50 kg Final ~ Men\'s Freestyle 97 kg Victory Ceremony ~ Women\'s Freestyle 50 kg Victory Ceremony', 'Makuhari Messe Hall A', 'Saturday 7 August 18:45 - 22:00 pm', 'Saturday 7 August 18:45 - 22:00 pm', 'Saturday 7 August 18:45 - 22:00 pm', 'Saturday 7 August 18:45 - 22:00 pm');

-- --------------------------------------------------------

--
-- Table structure for table `leaderboard`
--

CREATE TABLE `leaderboard` (
  `id` int(11) NOT NULL,
  `country` varchar(80) CHARACTER SET utf8mb4 NOT NULL,
  `gold` int(100) NOT NULL,
  `silver` int(100) NOT NULL,
  `bronze` int(100) NOT NULL
) ENGINE=MyISAM DEFAULT CHARSET=latin1;

--
-- Dumping data for table `leaderboard`
--

INSERT INTO `leaderboard` (`id`, `country`, `gold`, `silver`, `bronze`) VALUES
(1, 'AFGHANISTAN', 5, 6, 8),
(2, 'ALBANIA', 0, 0, 0),
(3, 'ALGERIA', 2, 3, 4),
(4, 'AMERICAN SAMOA', 0, 0, 0),
(5, 'ANDORRA', 0, 0, 0),
(6, 'ANGOLA', 0, 0, 0),
(7, 'ANGUILLA', 0, 0, 0),
(8, 'ANTARCTICA', 0, 0, 0),
(9, 'ANTIGUA AND BARBUDA', 0, 0, 0),
(10, 'ARGENTINA', 0, 0, 0),
(11, 'ARMENIA', 0, 0, 0),
(12, 'ARUBA', 0, 0, 0),
(13, 'AUSTRALIA', 0, 0, 0),
(14, 'AUSTRIA', 0, 0, 0),
(15, 'AZERBAIJAN', 0, 0, 0),
(16, 'BAHAMAS', 0, 0, 0),
(17, 'BAHRAIN', 0, 0, 0),
(18, 'BANGLADESH', 0, 0, 0),
(19, 'BARBADOS', 0, 0, 0),
(20, 'BELARUS', 0, 0, 0),
(21, 'BELGIUM', 0, 0, 0),
(22, 'BELIZE', 0, 0, 0),
(23, 'BENIN', 0, 0, 0),
(24, 'BERMUDA', 0, 0, 0),
(25, 'BHUTAN', 9, 5, 6),
(26, 'BOLIVIA', 0, 0, 0),
(27, 'BOSNIA AND HERZEGOVINA', 0, 0, 0),
(28, 'BOTSWANA', 0, 0, 0),
(29, 'BOUVET ISLAND', 0, 0, 0),
(30, 'BRAZIL', 0, 0, 0),
(31, 'BRITISH INDIAN OCEAN TERRITORY', 0, 0, 0),
(32, 'BRUNEI DARUSSALAM', 0, 0, 0),
(33, 'BULGARIA', 0, 0, 0),
(34, 'BURKINA FASO', 0, 0, 0),
(35, 'BURUNDI', 0, 0, 0),
(36, 'CAMBODIA', 0, 0, 0),
(37, 'CAMEROON', 0, 0, 0),
(38, 'CANADA', 0, 0, 0),
(39, 'CAPE VERDE', 0, 0, 0),
(40, 'CAYMAN ISLANDS', 0, 0, 0),
(41, 'CENTRAL AFRICAN REPUBLIC', 0, 0, 0),
(42, 'CHAD', 0, 0, 0),
(43, 'CHILE', 0, 0, 0),
(44, 'CHINA', 0, 0, 0),
(45, 'CHRISTMAS ISLAND', 0, 0, 0),
(46, 'COCOS (KEELING) ISLANDS', 0, 0, 0),
(47, 'COLOMBIA', 0, 0, 0),
(48, 'COMOROS', 0, 0, 0),
(49, 'CONGO', 0, 0, 0),
(50, 'CONGO, THE DEMOCRATIC REPUBLIC OF THE', 0, 0, 0),
(51, 'COOK ISLANDS', 0, 0, 0),
(52, 'COSTA RICA', 0, 0, 0),
(53, 'COTE D\'IVOIRE', 0, 0, 0),
(54, 'CROATIA', 0, 0, 0),
(55, 'CUBA', 0, 0, 0),
(56, 'CYPRUS', 0, 0, 0),
(57, 'CZECH REPUBLIC', 0, 0, 0),
(58, 'DENMARK', 0, 0, 0),
(59, 'DJIBOUTI', 0, 0, 0),
(60, 'DOMINICA', 0, 0, 0),
(61, 'DOMINICAN REPUBLIC', 0, 0, 0),
(62, 'ECUADOR', 0, 0, 0),
(63, 'EGYPT', 0, 0, 0),
(64, 'EL SALVADOR', 0, 0, 0),
(65, 'EQUATORIAL GUINEA', 0, 0, 0),
(66, 'ERITREA', 0, 0, 0),
(67, 'ESTONIA', 0, 0, 0),
(68, 'ETHIOPIA', 0, 0, 0),
(69, 'FALKLAND ISLANDS (MALVINAS)', 0, 0, 0),
(70, 'FAROE ISLANDS', 0, 0, 0),
(71, 'FIJI', 0, 0, 0),
(72, 'FINLAND', 0, 0, 0),
(73, 'FRANCE', 0, 0, 0),
(74, 'FRENCH GUIANA', 0, 0, 0),
(75, 'FRENCH POLYNESIA', 0, 0, 0),
(76, 'FRENCH SOUTHERN TERRITORIES', 0, 0, 0),
(77, 'GABON', 0, 0, 0),
(78, 'GAMBIA', 0, 0, 0),
(79, 'GEORGIA', 0, 0, 0),
(80, 'GERMANY', 0, 0, 0),
(81, 'GHANA', 0, 0, 0),
(82, 'GIBRALTAR', 0, 0, 0),
(83, 'GREECE', 0, 0, 0),
(84, 'GREENLAND', 0, 0, 0),
(85, 'GRENADA', 0, 0, 0),
(86, 'GUADELOUPE', 0, 0, 0),
(87, 'GUAM', 0, 0, 0),
(88, 'GUATEMALA', 0, 0, 0),
(89, 'GUINEA', 0, 0, 0),
(90, 'GUINEA-BISSAU', 0, 0, 0),
(91, 'GUYANA', 0, 0, 0),
(92, 'HAITI', 0, 0, 0),
(93, 'HEARD ISLAND AND MCDONALD ISLANDS', 0, 0, 0),
(94, 'HOLY SEE (VATICAN CITY STATE)', 0, 0, 0),
(95, 'HONDURAS', 0, 0, 0),
(96, 'HONG KONG', 0, 0, 0),
(97, 'HUNGARY', 0, 0, 0),
(98, 'ICELAND', 0, 0, 0),
(99, 'INDIA', 0, 0, 0),
(100, 'INDONESIA', 0, 0, 0),
(101, 'IRAN, ISLAMIC REPUBLIC OF', 0, 0, 0),
(102, 'IRAQ', 0, 0, 0),
(103, 'IRELAND', 0, 0, 0),
(104, 'ISRAEL', 0, 0, 0),
(105, 'ITALY', 0, 0, 0),
(106, 'JAMAICA', 0, 0, 0),
(107, 'JAPAN', 0, 0, 0),
(108, 'JORDAN', 0, 0, 0),
(109, 'KAZAKHSTAN', 0, 0, 0),
(110, 'KENYA', 0, 0, 0),
(111, 'KIRIBATI', 0, 0, 0),
(112, 'KOREA, DEMOCRATIC PEOPLE\'S REPUBLIC OF', 0, 0, 0),
(113, 'KOREA, REPUBLIC OF', 0, 0, 0),
(114, 'KUWAIT', 0, 0, 0),
(115, 'KYRGYZSTAN', 0, 0, 0),
(116, 'LAO PEOPLE\'S DEMOCRATIC REPUBLIC', 0, 0, 0),
(117, 'LATVIA', 0, 0, 0),
(118, 'LEBANON', 0, 0, 0),
(119, 'LESOTHO', 0, 0, 0),
(120, 'LIBERIA', 0, 0, 0),
(121, 'LIBYAN ARAB JAMAHIRIYA', 0, 0, 0),
(122, 'LIECHTENSTEIN', 0, 0, 0),
(123, 'LITHUANIA', 0, 0, 0),
(124, 'LUXEMBOURG', 0, 0, 0),
(125, 'MACAO', 0, 0, 0),
(126, 'MACEDONIA, THE FORMER YUGOSLAV REPUBLIC OF', 0, 0, 0),
(127, 'MADAGASCAR', 0, 0, 0),
(128, 'MALAWI', 0, 0, 0),
(129, 'MALAYSIA', 0, 0, 0),
(130, 'MALDIVES', 0, 0, 0),
(131, 'MALI', 0, 0, 0),
(132, 'MALTA', 0, 0, 0),
(133, 'MARSHALL ISLANDS', 0, 0, 0),
(134, 'MARTINIQUE', 0, 0, 0),
(135, 'MAURITANIA', 0, 0, 0),
(136, 'MAURITIUS', 0, 0, 0),
(137, 'MAYOTTE', 0, 0, 0),
(138, 'MEXICO', 0, 0, 0),
(139, 'MICRONESIA, FEDERATED STATES OF', 0, 0, 0),
(140, 'MOLDOVA, REPUBLIC OF', 0, 0, 0),
(141, 'MONACO', 0, 0, 0),
(142, 'MONGOLIA', 0, 0, 0),
(143, 'MONTSERRAT', 0, 0, 0),
(144, 'MOROCCO', 0, 0, 0),
(145, 'MOZAMBIQUE', 0, 0, 0),
(146, 'MYANMAR', 0, 0, 0),
(147, 'NAMIBIA', 0, 0, 0),
(148, 'NAURU', 0, 0, 0),
(149, 'NEPAL', 0, 0, 0),
(150, 'NETHERLANDS', 0, 0, 0),
(151, 'NETHERLANDS ANTILLES', 0, 0, 0),
(152, 'NEW CALEDONIA', 0, 0, 0),
(153, 'NEW ZEALAND', 0, 0, 0),
(154, 'NICARAGUA', 0, 0, 0),
(155, 'NIGER', 0, 0, 0),
(156, 'NIGERIA', 0, 0, 0),
(157, 'NIUE', 0, 0, 0),
(158, 'NORFOLK ISLAND', 0, 0, 0),
(159, 'NORTHERN MARIANA ISLANDS', 0, 0, 0),
(160, 'NORWAY', 0, 0, 0),
(161, 'OMAN', 0, 0, 0),
(162, 'PAKISTAN', 0, 0, 0),
(163, 'PALAU', 0, 0, 0),
(164, 'PALESTINIAN TERRITORY, OCCUPIED', 0, 0, 0),
(165, 'PANAMA', 0, 0, 0),
(166, 'PAPUA NEW GUINEA', 0, 0, 0),
(167, 'PARAGUAY', 0, 0, 0),
(168, 'PERU', 0, 0, 0),
(169, 'PHILIPPINES', 0, 0, 0),
(170, 'PITCAIRN', 0, 0, 0),
(171, 'POLAND', 0, 0, 0),
(172, 'PORTUGAL', 0, 0, 0),
(173, 'PUERTO RICO', 0, 0, 0),
(174, 'QATAR', 0, 0, 0),
(175, 'REUNION', 0, 0, 0),
(176, 'ROMANIA', 0, 0, 0),
(177, 'RUSSIAN FEDERATION', 0, 0, 0),
(178, 'RWANDA', 0, 0, 0),
(179, 'SAINT HELENA', 0, 0, 0),
(180, 'SAINT KITTS AND NEVIS', 0, 0, 0),
(181, 'SAINT LUCIA', 0, 0, 0),
(182, 'SAINT PIERRE AND MIQUELON', 0, 0, 0),
(183, 'SAINT VINCENT AND THE GRENADINES', 0, 0, 0),
(184, 'SAMOA', 0, 0, 0),
(185, 'SAN MARINO', 0, 0, 0),
(186, 'SAO TOME AND PRINCIPE', 0, 0, 0),
(187, 'SAUDI ARABIA', 0, 0, 0),
(188, 'SENEGAL', 0, 0, 0),
(189, 'SERBIA AND MONTENEGRO', 0, 0, 0),
(190, 'SEYCHELLES', 0, 0, 0),
(191, 'SIERRA LEONE', 0, 0, 0),
(192, 'SINGAPORE', 0, 0, 0),
(193, 'SLOVAKIA', 0, 0, 0),
(194, 'SLOVENIA', 0, 0, 0),
(195, 'SOLOMON ISLANDS', 0, 0, 0),
(196, 'SOMALIA', 0, 0, 0),
(197, 'SOUTH AFRICA', 0, 0, 0),
(198, 'SOUTH GEORGIA AND THE SOUTH SANDWICH ISLANDS', 0, 0, 0),
(199, 'SPAIN', 0, 0, 0),
(200, 'SRI LANKA', 0, 0, 0),
(201, 'SUDAN', 0, 0, 0),
(202, 'SURINAME', 0, 0, 0),
(203, 'SVALBARD AND JAN MAYEN', 0, 0, 0),
(204, 'SWAZILAND', 0, 0, 0),
(205, 'SWEDEN', 0, 0, 0),
(206, 'SWITZERLAND', 0, 0, 0),
(207, 'SYRIAN ARAB REPUBLIC', 0, 0, 0),
(208, 'TAIWAN, PROVINCE OF CHINA', 0, 0, 0),
(209, 'TAJIKISTAN', 0, 0, 0),
(210, 'TANZANIA, UNITED REPUBLIC OF', 0, 0, 0),
(211, 'THAILAND', 0, 0, 0),
(212, 'TIMOR-LESTE', 0, 0, 0),
(213, 'TOGO', 0, 0, 0),
(214, 'TOKELAU', 0, 0, 0),
(215, 'TONGA', 0, 0, 0),
(216, 'TRINIDAD AND TOBAGO', 0, 0, 0),
(217, 'TUNISIA', 0, 0, 0),
(218, 'TURKEY', 0, 0, 0),
(219, 'TURKMENISTAN', 0, 0, 0),
(220, 'TURKS AND CAICOS ISLANDS', 0, 0, 0),
(221, 'TUVALU', 0, 0, 0),
(222, 'UGANDA', 0, 0, 0),
(223, 'UKRAINE', 0, 0, 0),
(224, 'UNITED ARAB EMIRATES', 0, 0, 0),
(225, 'UNITED KINGDOM', 0, 0, 0),
(226, 'UNITED STATES', 0, 0, 0),
(227, 'UNITED STATES MINOR OUTLYING ISLANDS', 0, 0, 0),
(228, 'URUGUAY', 0, 0, 0),
(229, 'UZBEKISTAN', 0, 0, 0),
(230, 'VANUATU', 0, 0, 0),
(231, 'VENEZUELA', 0, 0, 0),
(232, 'VIET NAM', 0, 0, 0),
(233, 'VIRGIN ISLANDS, BRITISH', 0, 0, 0),
(234, 'VIRGIN ISLANDS, U.S.', 0, 0, 0),
(235, 'WALLIS AND FUTUNA', 0, 0, 0),
(236, 'WESTERN SAHARA', 0, 0, 0),
(237, 'YEMEN', 0, 0, 0),
(238, 'ZAMBIA', 0, 0, 0),
(239, 'ZIMBABWE', 0, 0, 0);

-- --------------------------------------------------------

--
-- Table structure for table `users`
--

CREATE TABLE `users` (
  `id` int(11) NOT NULL,
  `username` varchar(50) NOT NULL,
  `password` varchar(255) NOT NULL,
  `created_at` datetime DEFAULT current_timestamp()
) ENGINE=InnoDB DEFAULT CHARSET=utf8mb4;

--
-- Dumping data for table `users`
--

INSERT INTO `users` (`id`, `username`, `password`, `created_at`) VALUES
(1, 'khush', '$2y$10$fpgaKxf7YfVLFtZdQrZVq.1FAcR9PKVGiBXxUTcRcVe.yg6TL748q', '2021-04-09 18:25:19'),
(7, 'raptide_0710', '$2y$10$tvlMwjCK5KmZ4DYUjwsR9.AiUbW2nsoyjyEA2ndwDIqlEkO4QEiIO', '2021-04-27 19:42:21'),
(8, 'bh79mk', '$2y$10$/GkZ5gaH8U1usY.Gqd.OWO8/i6Wo5DA3C.fd.rDakbxkAyrQxuBTS', '2021-05-05 19:16:34'),
(9, 'shreedhi', '$2y$10$ejy4y/aHsH.MeQr.Yt1UPu1wL3p1aLbKoGSnJmM3Nu7TrYjcBOZWq', '2021-05-24 18:41:17'),
(10, 'dipti', '$2y$10$OhuqaMhs41zYs2xs5f5sF.iBkC9gMa3W3ulXEhTI2e2smpFAF3ic2', '2021-05-24 20:06:19'),
(11, 'luffy', '$2y$10$U.EzfcZGvZQGEdF7R/RLfupImvRvnvES/znga5mOicRams.R8FTMS', '2021-05-25 12:07:39');

--
-- Indexes for dumped tables
--

--
-- Indexes for table `admin`
--
ALTER TABLE `admin`
  ADD PRIMARY KEY (`id`),
  ADD UNIQUE KEY `username` (`aname`);

--
-- Indexes for table `event`
--
ALTER TABLE `event`
  ADD PRIMARY KEY (`e_id`);

--
-- Indexes for table `information`
--
ALTER TABLE `information`
  ADD PRIMARY KEY (`info_id`);

--
-- Indexes for table `leaderboard`
--
ALTER TABLE `leaderboard`
  ADD PRIMARY KEY (`id`);

--
-- Indexes for table `users`
--
ALTER TABLE `users`
  ADD PRIMARY KEY (`id`),
  ADD UNIQUE KEY `username` (`username`);

--
-- AUTO_INCREMENT for dumped tables
--

--
-- AUTO_INCREMENT for table `admin`
--
ALTER TABLE `admin`
  MODIFY `id` int(11) NOT NULL AUTO_INCREMENT, AUTO_INCREMENT=3;

--
-- AUTO_INCREMENT for table `leaderboard`
--
ALTER TABLE `leaderboard`
  MODIFY `id` int(11) NOT NULL AUTO_INCREMENT, AUTO_INCREMENT=240;

--
-- AUTO_INCREMENT for table `users`
--
ALTER TABLE `users`
  MODIFY `id` int(11) NOT NULL AUTO_INCREMENT, AUTO_INCREMENT=12;
COMMIT;

/*!40101 SET CHARACTER_SET_CLIENT=@OLD_CHARACTER_SET_CLIENT */;
/*!40101 SET CHARACTER_SET_RESULTS=@OLD_CHARACTER_SET_RESULTS */;
/*!40101 SET COLLATION_CONNECTION=@OLD_COLLATION_CONNECTION */;
